id;Категория;Подкатегория;Название;Name (EN);Что искать (запрос);Тип модели;Риг/особенности;Трис;Иконка;Вес, кг;Милестоун;Статус;Заметка
1;Оружие ближнее;Топоры;Пожарный топор;fire axe;low poly fire axe 3d model;В руке + на земле;статичная, точка хвата;800-1500;да;3.0;M2;Нет;
2;Оружие ближнее;Топоры;Туристический топорик;hatchet;low poly hatchet 3d model;В руке + на земле;статичная, точка хвата;800-1500;да;1.0;M2;Нет;
3;Оружие ближнее;Топоры;Колун;splitting maul;low poly splitting maul 3d model;В руке + на земле;статичная, точка хвата;800-1500;да;3.5;M2;Нет;
4;Оружие ближнее;Топоры;Топор дровосека;wood axe;low poly wood axe 3d model;В руке + на земле;статичная, точка хвата;800-1500;да;2.5;M2;Нет;
5;Оружие ближнее;Топоры;Каменный топор;stone axe primitive;low poly stone axe primitive 3d model;В руке + на земле;статичная, точка хвата;800-1500;да;1.5;M2;Нет;крафт
6;Оружие ближнее;Длинное дробящее;Бейсбольная бита;wooden baseball bat;low poly wooden baseball bat 3d model;В руке + на земле;статичная, точка хвата;800-1500;да;1.0;M2;Нет;
7;Оружие ближнее;Длинное дробящее;Бита с гвоздями;baseball bat with nails;low poly baseball bat with nails 3d model;В руке + на земле;статичная, точка хвата;800-1500;да;1.2;M2;Нет;крафт
8;Оружие ближнее;Длинное дробящее;Металлическая бита;aluminum baseball bat;low poly aluminum baseball bat 3d model;В руке + на земле;статичная, точка хвата;800-1500;да;1.0;M2;Нет;
9;Оружие ближнее;Длинное дробящее;Лом;crowbar;low poly crowbar 3d model;В руке + на земле;статичная, точка хвата;800-1500;да;1.5;M2;Нет;
10;Оружие ближнее;Длинное дробящее;Металлическая труба;lead pipe;low poly lead pipe 3d model;В руке + на земле;статичная, точка хвата;800-1500;да;1.5;M2;Нет;
11;Оружие ближнее;Длинное дробящее;Клюшка для гольфа;golf club;low poly golf club 3d model;В руке + на земле;статичная, точка хвата;800-1500;да;0.8;M2;Нет;
12;Оружие ближнее;Длинное дробящее;Хоккейная клюшка;hockey stick;low poly hockey stick 3d model;В руке + на земле;статичная, точка хвата;800-1500;да;0.8;M2;Нет;
13;Оружие ближнее;Длинное дробящее;Кувалда;sledgehammer;low poly sledgehammer 3d model;В руке + на земле;статичная, точка хвата;800-1500;да;5.0;M2;Нет;
14;Оружие ближнее;Длинное дробящее;Доска;wooden plank weapon;low poly wooden plank weapon 3d model;В руке + на земле;статичная, точка хвата;800-1500;да;1.0;M2;Нет;
15;Оружие ближнее;Длинное дробящее;Доска с гвоздями;plank with nails;low poly plank with nails 3d model;В руке + на земле;статичная, точка хвата;800-1500;да;1.2;M2;Нет;крафт
16;Оружие ближнее;Длинное дробящее;Лопата;shovel;low poly shovel 3d model;В руке + на земле;статичная, точка хвата;800-1500;да;2.0;M2;Нет;
17;Оружие ближнее;Длинное дробящее;Грабли;garden rake;low poly garden rake 3d model;В руке + на земле;статичная, точка хвата;800-1500;да;1.5;M2;Нет;
18;Оружие ближнее;Длинное дробящее;Весло;canoe paddle;low poly canoe paddle 3d model;В руке + на земле;статичная, точка хвата;800-1500;да;1.2;M2;Нет;
19;Оружие ближнее;Длинное дробящее;Бильярдный кий;pool cue;low poly pool cue 3d model;В руке + на земле;статичная, точка хвата;800-1500;да;0.5;M2;Нет;
20;Оружие ближнее;Короткое дробящее;Молоток;claw hammer;low poly claw hammer 3d model;В руке + на земле;статичная, точка хвата;800-1500;да;0.8;M2;Нет;
21;Оружие ближнее;Короткое дробящее;Сковорода;frying pan;low poly frying pan 3d model;В руке + на земле;статичная, точка хвата;800-1500;да;1.2;M2;Нет;
22;Оружие ближнее;Короткое дробящее;Скалка;rolling pin;low poly rolling pin 3d model;В руке + на земле;статичная, точка хвата;800-1500;да;0.6;M2;Нет;
23;Оружие ближнее;Короткое дробящее;Гаечный ключ;pipe wrench;low poly pipe wrench 3d model;В руке + на земле;статичная, точка хвата;800-1500;да;1.5;M2;Нет;
24;Оружие ближнее;Короткое дробящее;Дубинка полицейская;police baton;low poly police baton 3d model;В руке + на земле;статичная, точка хвата;800-1500;да;0.7;M2;Нет;
25;Оружие ближнее;Короткое дробящее;Кастет;brass knuckles;low poly brass knuckles 3d model;В руке + на земле;статичная, точка хвата;800-1500;да;0.2;M2;Нет;
26;Оружие ближнее;Короткое дробящее;Молоток-гвоздодёр каменный;stone hammer primitive;low poly stone hammer primitive 3d model;В руке + на земле;статичная, точка хвата;800-1500;да;1.0;M2;Нет;крафт
27;Оружие ближнее;Длинные клинки;Мачете;machete;low poly machete 3d model;В руке + на земле;статичная, точка хвата;800-1500;да;1.0;M5;Нет;
28;Оружие ближнее;Длинные клинки;Катана;katana;low poly katana 3d model;В руке + на земле;статичная, точка хвата;800-1500;да;1.2;M5;Нет;
29;Оружие ближнее;Длинные клинки;Коса;scythe;low poly scythe 3d model;В руке + на земле;статичная, точка хвата;800-1500;да;3.0;M5;Нет;
30;Оружие ближнее;Короткие клинки;Кухонный нож;kitchen knife;low poly kitchen knife 3d model;В руке + на земле;статичная, точка хвата;800-1500;да;0.3;M2;Нет;
31;Оружие ближнее;Короткие клинки;Охотничий нож;hunting knife;low poly hunting knife 3d model;В руке + на земле;статичная, точка хвата;800-1500;да;0.4;M2;Нет;
32;Оружие ближнее;Короткие клинки;Нож для мяса (тесак);meat cleaver;low poly meat cleaver 3d model;В руке + на земле;статичная, точка хвата;800-1500;да;0.6;M2;Нет;
33;Оружие ближнее;Короткие клинки;Отвёртка;screwdriver;low poly screwdriver 3d model;В руке + на земле;статичная, точка хвата;800-1500;да;0.2;M2;Нет;
34;Оружие ближнее;Короткие клинки;Ножницы;scissors;low poly scissors 3d model;В руке + на земле;статичная, точка хвата;800-1500;да;0.2;M2;Нет;
35;Оружие ближнее;Короткие клинки;Разбитая бутылка;broken glass bottle;low poly broken glass bottle 3d model;В руке + на земле;статичная, точка хвата;800-1500;да;0.3;M2;Нет;
36;Оружие ближнее;Короткие клинки;Каменный нож;stone knife primitive;low poly stone knife primitive 3d model;В руке + на земле;статичная, точка хвата;800-1500;да;0.3;M2;Нет;крафт
37;Оружие ближнее;Копья;Заточенная палка;sharpened wooden stick spear;low poly sharpened wooden stick spear 3d model;В руке + на земле;статичная, точка хвата;800-1500;да;1.0;M5;Нет;крафт
38;Оружие ближнее;Копья;Копьё с ножом;spear with knife tied;low poly spear with knife tied 3d model;В руке + на земле;статичная, точка хвата;800-1500;да;1.3;M5;Нет;крафт
39;Оружие ближнее;Копья;Вилы;pitchfork;low poly pitchfork 3d model;В руке + на земле;статичная, точка хвата;800-1500;да;2.0;M5;Нет;
40;Огнестрел;Пистолеты;Пистолет 9 мм;9mm pistol handgun;low poly 9mm pistol handgun 3d model;В руке + на земле;статичная, точка хвата;800-1500;да;0.9;M5;Нет;
41;Огнестрел;Пистолеты;Пистолет .45;M1911 pistol;low poly M1911 pistol 3d model;В руке + на земле;статичная, точка хвата;800-1500;да;1.1;M5;Нет;
42;Огнестрел;Пистолеты;Револьвер .38;.38 revolver;low poly .38 revolver 3d model;В руке + на земле;статичная, точка хвата;800-1500;да;0.9;M5;Нет;
43;Огнестрел;Пистолеты;Револьвер .44 Magnum;.44 magnum revolver;low poly .44 magnum revolver 3d model;В руке + на земле;статичная, точка хвата;800-1500;да;1.3;M5;Нет;
44;Огнестрел;Дробовики;Помповый дробовик;pump action shotgun;low poly pump action shotgun 3d model;В руке + на земле;статичная, точка хвата;800-1500;да;3.5;M5;Нет;
45;Огнестрел;Дробовики;Двустволка;double barrel shotgun;low poly double barrel shotgun 3d model;В руке + на земле;статичная, точка хвата;800-1500;да;3.2;M5;Нет;
46;Огнестрел;Дробовики;Обрез;sawed off shotgun;low poly sawed off shotgun 3d model;В руке + на земле;статичная, точка хвата;800-1500;да;2.0;M5;Нет;крафт из двустволки
47;Огнестрел;Винтовки;Охотничья винтовка болтовая;bolt action hunting rifle;low poly bolt action hunting rifle 3d model;В руке + на земле;статичная, точка хвата;800-1500;да;3.8;M5;Нет;
48;Огнестрел;Винтовки;Винтовка с рычажным затвором;lever action rifle;low poly lever action rifle 3d model;В руке + на земле;статичная, точка хвата;800-1500;да;3.5;M5;Нет;
49;Огнестрел;Винтовки;Штурмовая винтовка M16;M16 assault rifle;low poly M16 assault rifle 3d model;В руке + на земле;статичная, точка хвата;800-1500;да;3.5;M5;Нет;
50;Огнестрел;Винтовки;Полуавтоматическая винтовка;semi automatic rifle;low poly semi automatic rifle 3d model;В руке + на земле;статичная, точка хвата;800-1500;да;3.8;M5;Нет;
51;Огнестрел;Винтовки;Винтовка .22;.22 rifle;low poly .22 rifle 3d model;В руке + на земле;статичная, точка хвата;800-1500;да;2.5;M5;Нет;
52;Огнестрел;Боеприпасы;Патроны 9 мм (коробка);9mm ammo box;low poly 9mm ammo box 3d model;На земле / в инвентаре;статичная;200-800;да;0.3;M5;Нет;
53;Огнестрел;Боеприпасы;Патроны .45 (коробка);.45 ammo box;low poly .45 ammo box 3d model;На земле / в инвентаре;статичная;200-800;да;0.4;M5;Нет;
54;Огнестрел;Боеприпасы;Патроны .38 (коробка);.38 ammo box;low poly .38 ammo box 3d model;На земле / в инвентаре;статичная;200-800;да;0.3;M5;Нет;
55;Огнестрел;Боеприпасы;Патроны .44 (коробка);.44 ammo box;low poly .44 ammo box 3d model;На земле / в инвентаре;статичная;200-800;да;0.4;M5;Нет;
56;Огнестрел;Боеприпасы;Дробь 12 калибра (коробка);12 gauge shotgun shells box;low poly 12 gauge shotgun shells box 3d model;На земле / в инвентаре;статичная;200-800;да;0.6;M5;Нет;
57;Огнестрел;Боеприпасы;Патроны .308 (коробка);.308 rifle ammo box;low poly .308 rifle ammo box 3d model;На земле / в инвентаре;статичная;200-800;да;0.5;M5;Нет;
58;Огнестрел;Боеприпасы;Патроны 5.56 (коробка);5.56 ammo box;low poly 5.56 ammo box 3d model;На земле / в инвентаре;статичная;200-800;да;0.5;M5;Нет;
59;Огнестрел;Боеприпасы;Патроны .22 (коробка);.22 ammo box;low poly .22 ammo box 3d model;На земле / в инвентаре;статичная;200-800;да;0.2;M5;Нет;
60;Огнестрел;Боеприпасы;Патрон (одиночный);single bullet cartridge;low poly single bullet cartridge 3d model;На земле / в инвентаре;статичная;200-800;да;0.01;M5;Нет;одна модель на все калибры
61;Огнестрел;Магазины и модули;Магазин 9 мм;pistol magazine;low poly pistol magazine 3d model;Запчасть;статичная;300-800;да;0.2;M5;Нет;
62;Огнестрел;Магазины и модули;Магазин .45;1911 magazine;low poly 1911 magazine 3d model;Запчасть;статичная;300-800;да;0.2;M5;Нет;
63;Огнестрел;Магазины и модули;Магазин M16;M16 magazine;low poly M16 magazine 3d model;Запчасть;статичная;300-800;да;0.3;M5;Нет;
64;Огнестрел;Магазины и модули;Оптический прицел;rifle scope;low poly rifle scope 3d model;Запчасть;статичная;300-800;да;0.5;M5;Нет;
65;Огнестрел;Магазины и модули;Коллиматорный прицел;red dot sight;low poly red dot sight 3d model;Запчасть;статичная;300-800;да;0.2;M5;Нет;
66;Огнестрел;Магазины и модули;Глушитель;suppressor silencer;low poly suppressor silencer 3d model;Запчасть;статичная;300-800;да;0.3;M5;Нет;
67;Огнестрел;Магазины и модули;Самодельный глушитель;makeshift bottle suppressor;low poly makeshift bottle suppressor 3d model;Запчасть;статичная;300-800;да;0.3;M5;Нет;крафт
68;Огнестрел;Магазины и модули;Подствольный фонарь;weapon flashlight;low poly weapon flashlight 3d model;Запчасть;статичная;300-800;да;0.2;M5;Нет;
69;Огнестрел;Магазины и модули;Ремень для оружия;rifle sling;low poly rifle sling 3d model;Запчасть;статичная;300-800;да;0.2;M5;Нет;
70;Огнестрел;Магазины и модули;Кобура;gun holster;low poly gun holster 3d model;Запчасть;статичная;300-800;да;0.3;M5;Нет;носится на поясе
71;Инструменты;Ручные;Пила;hand saw;low poly hand saw 3d model;В руке + на земле;статичная, точка хвата;800-1500;да;0.8;M6;Нет;
72;Инструменты;Ручные;Ножовка по металлу;hacksaw;low poly hacksaw 3d model;В руке + на земле;статичная, точка хвата;800-1500;да;0.6;M6;Нет;
73;Инструменты;Ручные;Плоскогубцы;pliers;low poly pliers 3d model;В руке + на земле;статичная, точка хвата;800-1500;да;0.3;M6;Нет;
74;Инструменты;Ручные;Гаечный ключ разводной;adjustable wrench;low poly adjustable wrench 3d model;В руке + на земле;статичная, точка хвата;800-1500;да;0.5;M6;Нет;
75;Инструменты;Ручные;Набор отвёрток;screwdriver set;low poly screwdriver set 3d model;В руке + на земле;статичная, точка хвата;800-1500;да;0.5;M6;Нет;
76;Инструменты;Ручные;Рулетка;tape measure;low poly tape measure 3d model;В руке + на земле;статичная, точка хвата;800-1500;да;0.2;M6;Нет;
77;Инструменты;Ручные;Консервный нож;can opener;low poly can opener 3d model;В руке + на земле;статичная, точка хвата;800-1500;да;0.1;M6;Нет;
78;Инструменты;Ручные;Паяльник;soldering iron;low poly soldering iron 3d model;В руке + на земле;статичная, точка хвата;800-1500;да;0.3;M6;Нет;
79;Инструменты;Ручные;Сварочная маска;welding mask;low poly welding mask 3d model;В руке + на земле;статичная, точка хвата;800-1500;да;1.0;M6;Нет;также надевается
80;Инструменты;Ручные;Сварочная горелка;propane welding torch;low poly propane welding torch 3d model;В руке + на земле;статичная, точка хвата;800-1500;да;1.5;M6;Нет;
81;Инструменты;Ручные;Домкрат;car jack;low poly car jack 3d model;В руке + на земле;статичная, точка хвата;800-1500;да;3.0;M6;Нет;
82;Инструменты;Ручные;Баллонный ключ;lug wrench;low poly lug wrench 3d model;В руке + на земле;статичная, точка хвата;800-1500;да;1.0;M6;Нет;
83;Инструменты;Ручные;Кирка;pickaxe;low poly pickaxe 3d model;В руке + на земле;статичная, точка хвата;800-1500;да;3.0;M6;Нет;
84;Инструменты;Ручные;Садовая лопатка;garden trowel;low poly garden trowel 3d model;В руке + на земле;статичная, точка хвата;800-1500;да;0.3;M6;Нет;
85;Инструменты;Ручные;Секатор;pruning shears;low poly pruning shears 3d model;В руке + на земле;статичная, точка хвата;800-1500;да;0.3;M6;Нет;
86;Инструменты;Ручные;Мотыга;garden hoe;low poly garden hoe 3d model;В руке + на земле;статичная, точка хвата;800-1500;да;1.5;M6;Нет;
87;Инструменты;Ручные;Бензопила;chainsaw;low poly chainsaw 3d model;В руке + на земле;статичная, точка хвата;800-1500;да;6.0;M6;Нет;бэклог
88;Инструменты;Ручные;Удочка;fishing rod;low poly fishing rod 3d model;В руке + на земле;статичная, точка хвата;800-1500;да;0.8;M6;Нет;
89;Инструменты;Ручные;Спиннинг самодельный;makeshift fishing rod;low poly makeshift fishing rod 3d model;В руке + на земле;статичная, точка хвата;800-1500;да;0.5;M6;Нет;крафт
90;Инструменты;Ручные;Точильный камень;whetstone;low poly whetstone 3d model;В руке + на земле;статичная, точка хвата;800-1500;да;0.3;M6;Нет;
91;Инструменты;Ручные;Швейная игла;sewing needle;low poly sewing needle 3d model;В руке + на земле;статичная, точка хвата;800-1500;да;0.01;M6;Нет;
92;Инструменты;Ручные;Хирургическая игла;suture needle;low poly suture needle 3d model;В руке + на земле;статичная, точка хвата;800-1500;да;0.01;M6;Нет;
93;Инструменты;Ручные;Пинцет;tweezers;low poly tweezers 3d model;В руке + на земле;статичная, точка хвата;800-1500;да;0.05;M6;Нет;
94;Инструменты;Ручные;Зажигалка;lighter;low poly lighter 3d model;В руке + на земле;статичная, точка хвата;800-1500;да;0.05;M6;Нет;
95;Инструменты;Ручные;Спички;matchbox;low poly matchbox 3d model;В руке + на земле;статичная, точка хвата;800-1500;да;0.05;M6;Нет;
96;Инструменты;Ручные;Лейка;watering can;low poly watering can 3d model;В руке + на земле;статичная, точка хвата;800-1500;да;1.0;M6;Нет;
97;Инструменты;Ручные;Ведро;metal bucket;low poly metal bucket 3d model;В руке + на земле;статичная, точка хвата;800-1500;да;1.0;M6;Нет;
98;Инструменты;Ручные;Канистра;gas can jerry can;low poly gas can jerry can 3d model;В руке + на земле;статичная, точка хвата;800-1500;да;1.5;M6;Нет;Drainable: бензин
99;Инструменты;Ручные;Компас;compass;low poly compass 3d model;В руке + на земле;статичная, точка хвата;800-1500;да;0.1;M6;Нет;
100;Инструменты;Ручные;Бинокль;binoculars;low poly binoculars 3d model;В руке + на земле;статичная, точка хвата;800-1500;да;0.8;M6;Нет;
101;Материалы;Строительство;Доска;wooden plank;low poly wooden plank 3d model;На земле / в инвентаре;статичная;200-800;да;1.0;M6;Нет;
102;Материалы;Строительство;Бревно;log;low poly log 3d model;На земле / в инвентаре;статичная;200-800;да;8.0;M6;Нет;
103;Материалы;Строительство;Ветка;tree branch;low poly tree branch 3d model;На земле / в инвентаре;статичная;200-800;да;0.3;M6;Нет;
104;Материалы;Строительство;Палка;wooden stick;low poly wooden stick 3d model;На земле / в инвентаре;статичная;200-800;да;0.3;M6;Нет;
105;Материалы;Строительство;Гвозди (коробка);box of nails;low poly box of nails 3d model;На земле / в инвентаре;статичная;200-800;да;0.3;M6;Нет;
106;Материалы;Строительство;Гвоздь;nail;low poly nail 3d model;На земле / в инвентаре;статичная;200-800;да;0.01;M6;Нет;
107;Материалы;Строительство;Шурупы (коробка);box of screws;low poly box of screws 3d model;На земле / в инвентаре;статичная;200-800;да;0.3;M6;Нет;
108;Материалы;Строительство;Клей;glue bottle;low poly glue bottle 3d model;На земле / в инвентаре;статичная;200-800;да;0.2;M6;Нет;
109;Материалы;Строительство;Изолента;duct tape;low poly duct tape 3d model;На земле / в инвентаре;статичная;200-800;да;0.2;M6;Нет;
110;Материалы;Строительство;Скотч;adhesive tape roll;low poly adhesive tape roll 3d model;На земле / в инвентаре;статичная;200-800;да;0.1;M6;Нет;
111;Материалы;Строительство;Металлический лист;sheet metal;low poly sheet metal 3d model;На земле / в инвентаре;статичная;200-800;да;3.0;M6;Нет;
112;Материалы;Строительство;Маленький металлический лист;small sheet metal;low poly small sheet metal 3d model;На земле / в инвентаре;статичная;200-800;да;1.0;M6;Нет;
113;Материалы;Строительство;Металлическая труба;metal pipe;low poly metal pipe 3d model;На земле / в инвентаре;статичная;200-800;да;1.5;M6;Нет;
114;Материалы;Строительство;Металлолом;scrap metal;low poly scrap metal 3d model;На земле / в инвентаре;статичная;200-800;да;1.0;M6;Нет;
115;Материалы;Строительство;Проволока;wire spool;low poly wire spool 3d model;На земле / в инвентаре;статичная;200-800;да;0.5;M6;Нет;
116;Материалы;Строительство;Цепь;metal chain;low poly metal chain 3d model;На земле / в инвентаре;статичная;200-800;да;1.5;M6;Нет;
117;Материалы;Строительство;Верёвка;rope coil;low poly rope coil 3d model;На земле / в инвентаре;статичная;200-800;да;0.5;M6;Нет;
118;Материалы;Строительство;Простыня-верёвка;sheet rope;low poly sheet rope 3d model;На земле / в инвентаре;статичная;200-800;да;0.8;M6;Нет;крафт, спуск из окна
119;Материалы;Строительство;Мешок с песком;sandbag;low poly sandbag 3d model;На земле / в инвентаре;статичная;200-800;да;10.0;M6;Нет;
120;Материалы;Строительство;Мешок цемента;cement bag;low poly cement bag 3d model;На земле / в инвентаре;статичная;200-800;да;20.0;M6;Нет;
121;Материалы;Строительство;Кирпич;brick;low poly brick 3d model;На земле / в инвентаре;статичная;200-800;да;2.0;M6;Нет;
122;Материалы;Строительство;Камень;stone rock;low poly stone rock 3d model;На земле / в инвентаре;статичная;200-800;да;1.0;M6;Нет;
123;Материалы;Строительство;Гравий (мешок);gravel bag;low poly gravel bag 3d model;На земле / в инвентаре;статичная;200-800;да;10.0;M6;Нет;
124;Материалы;Строительство;Банка краски;paint can;low poly paint can 3d model;На земле / в инвентаре;статичная;200-800;да;2.0;M6;Нет;
125;Материалы;Строительство;Кисть;paint brush;low poly paint brush 3d model;На земле / в инвентаре;статичная;200-800;да;0.1;M6;Нет;
126;Материалы;Строительство;Брезент;tarp;low poly tarp 3d model;На земле / в инвентаре;статичная;200-800;да;1.0;M6;Нет;
127;Материалы;Строительство;Колючая проволока;barbed wire;low poly barbed wire 3d model;На земле / в инвентаре;статичная;200-800;да;2.0;M6;Нет;
128;Материалы;Строительство;Пропан-баллон;propane tank;low poly propane tank 3d model;На земле / в инвентаре;статичная;200-800;да;5.0;M6;Нет;
129;Материалы;Строительство;Дверной проём (сборный);door frame;low poly door frame 3d model;На земле / в инвентаре;статичная;200-800;да;10.0;M6;Нет;для строительства
130;Материалы;Строительство;Дверь деревянная;wooden door;low poly wooden door 3d model;На земле / в инвентаре;статичная;200-800;да;15.0;M6;Нет;снятая дверь, можно поставить
131;Материалы;Строительство;Оконная рама;window frame;low poly window frame 3d model;На земле / в инвентаре;статичная;200-800;да;5.0;M6;Нет;
132;Материалы;Шитьё и ткань;Тряпка;rag cloth;low poly rag cloth 3d model;На земле / в инвентаре;статичная;200-800;да;0.05;M6;Нет;
133;Материалы;Шитьё и ткань;Тряпка грязная;dirty rag;low poly dirty rag 3d model;На земле / в инвентаре;статичная;200-800;да;0.05;M6;Нет;вариант текстуры
134;Материалы;Шитьё и ткань;Джинсовые лоскуты;denim strips;low poly denim strips 3d model;На земле / в инвентаре;статичная;200-800;да;0.05;M6;Нет;
135;Материалы;Шитьё и ткань;Кожаные лоскуты;leather strips;low poly leather strips 3d model;На земле / в инвентаре;статичная;200-800;да;0.1;M6;Нет;
136;Материалы;Шитьё и ткань;Нитки;thread spool;low poly thread spool 3d model;На земле / в инвентаре;статичная;200-800;да;0.05;M6;Нет;
137;Материалы;Шитьё и ткань;Пряжа;yarn ball;low poly yarn ball 3d model;На земле / в инвентаре;статичная;200-800;да;0.1;M6;Нет;
138;Материалы;Электроника;Электронный лом;electronics scrap;low poly electronics scrap 3d model;На земле / в инвентаре;статичная;200-800;да;0.2;M7;Нет;
139;Материалы;Электроника;Батарейка;battery AA;low poly battery AA 3d model;На земле / в инвентаре;статичная;200-800;да;0.05;M7;Нет;
140;Материалы;Электроника;Автомобильный аккумулятор;car battery;low poly car battery 3d model;На земле / в инвентаре;статичная;200-800;да;10.0;M7;Нет;также запчасть
141;Материалы;Электроника;Лампочка;light bulb;low poly light bulb 3d model;На земле / в инвентаре;статичная;200-800;да;0.05;M7;Нет;
142;Материалы;Электроника;Провода;electric wire;low poly electric wire 3d model;На земле / в инвентаре;статичная;200-800;да;0.2;M7;Нет;
143;Материалы;Электроника;Датчик движения;motion sensor;low poly motion sensor 3d model;На земле / в инвентаре;статичная;200-800;да;0.2;M7;Нет;
144;Материалы;Электроника;Таймер;kitchen timer;low poly kitchen timer 3d model;На земле / в инвентаре;статичная;200-800;да;0.1;M7;Нет;
145;Материалы;Электроника;Приёмник;radio receiver parts;low poly radio receiver parts 3d model;На земле / в инвентаре;статичная;200-800;да;0.2;M7;Нет;
146;Еда;Консервы;Консервированная фасоль;canned beans;low poly canned beans 3d model;На земле / в инвентаре;статичная;200-800;да;0.5;M4;Нет;
147;Еда;Консервы;Консервированный суп;canned soup;low poly canned soup 3d model;На земле / в инвентаре;статичная;200-800;да;0.5;M4;Нет;
148;Еда;Консервы;Тушёнка;canned meat;low poly canned meat 3d model;На земле / в инвентаре;статичная;200-800;да;0.5;M4;Нет;
149;Еда;Консервы;Консервированная кукуруза;canned corn;low poly canned corn 3d model;На земле / в инвентаре;статичная;200-800;да;0.5;M4;Нет;
150;Еда;Консервы;Консервированный горошек;canned peas;low poly canned peas 3d model;На земле / в инвентаре;статичная;200-800;да;0.5;M4;Нет;
151;Еда;Консервы;Тунец;canned tuna;low poly canned tuna 3d model;На земле / в инвентаре;статичная;200-800;да;0.2;M4;Нет;
152;Еда;Консервы;Сардины;canned sardines;low poly canned sardines 3d model;На земле / в инвентаре;статичная;200-800;да;0.2;M4;Нет;
153;Еда;Консервы;Консервированные персики;canned peaches;low poly canned peaches 3d model;На земле / в инвентаре;статичная;200-800;да;0.5;M4;Нет;
154;Еда;Консервы;Консервированные томаты;canned tomatoes;low poly canned tomatoes 3d model;На земле / в инвентаре;статичная;200-800;да;0.5;M4;Нет;
155;Еда;Консервы;Консервированный чили;canned chili;low poly canned chili 3d model;На земле / в инвентаре;статичная;200-800;да;0.5;M4;Нет;
156;Еда;Консервы;Консервированная морковь;canned carrots;low poly canned carrots 3d model;На земле / в инвентаре;статичная;200-800;да;0.5;M4;Нет;
157;Еда;Консервы;Спагетти в банке;canned spaghetti;low poly canned spaghetti 3d model;На земле / в инвентаре;статичная;200-800;да;0.5;M4;Нет;
158;Еда;Консервы;Корм для собак;canned dog food;low poly canned dog food 3d model;На земле / в инвентаре;статичная;200-800;да;0.5;M4;Нет;
159;Еда;Консервы;Открытая банка;opened tin can;low poly opened tin can 3d model;На земле / в инвентаре;статичная;200-800;да;0.5;M4;Нет;состояние
160;Еда;Консервы;Пустая банка;empty tin can;low poly empty tin can 3d model;На земле / в инвентаре;статичная;200-800;да;0.05;M4;Нет;
161;Еда;Сухие продукты;Рис (пакет);bag of rice;low poly bag of rice 3d model;На земле / в инвентаре;статичная;200-800;да;1.0;M4;Нет;
162;Еда;Сухие продукты;Макароны (пачка);pasta box;low poly pasta box 3d model;На земле / в инвентаре;статичная;200-800;да;0.5;M4;Нет;
163;Еда;Сухие продукты;Мука;flour bag;low poly flour bag 3d model;На земле / в инвентаре;статичная;200-800;да;1.0;M4;Нет;
164;Еда;Сухие продукты;Сахар;sugar bag;low poly sugar bag 3d model;На земле / в инвентаре;статичная;200-800;да;1.0;M4;Нет;
165;Еда;Сухие продукты;Соль;salt shaker;low poly salt shaker 3d model;На земле / в инвентаре;статичная;200-800;да;0.2;M4;Нет;
166;Еда;Сухие продукты;Крупа овсяная;oatmeal box;low poly oatmeal box 3d model;На земле / в инвентаре;статичная;200-800;да;0.5;M4;Нет;
167;Еда;Сухие продукты;Хлопья;cereal box;low poly cereal box 3d model;На земле / в инвентаре;статичная;200-800;да;0.4;M4;Нет;
168;Еда;Сухие продукты;Крекеры;crackers box;low poly crackers box 3d model;На земле / в инвентаре;статичная;200-800;да;0.3;M4;Нет;
169;Еда;Сухие продукты;Чипсы;potato chips bag;low poly potato chips bag 3d model;На земле / в инвентаре;статичная;200-800;да;0.2;M4;Нет;
170;Еда;Сухие продукты;Шоколадный батончик;chocolate bar;low poly chocolate bar 3d model;На земле / в инвентаре;статичная;200-800;да;0.1;M4;Нет;
171;Еда;Сухие продукты;Конфеты;candy pack;low poly candy pack 3d model;На земле / в инвентаре;статичная;200-800;да;0.1;M4;Нет;
172;Еда;Сухие продукты;Жевательная резинка;chewing gum;low poly chewing gum 3d model;На земле / в инвентаре;статичная;200-800;да;0.01;M4;Нет;
173;Еда;Сухие продукты;Орехи;peanuts bag;low poly peanuts bag 3d model;На земле / в инвентаре;статичная;200-800;да;0.2;M4;Нет;
174;Еда;Сухие продукты;Сухари;dried bread;low poly dried bread 3d model;На земле / в инвентаре;статичная;200-800;да;0.2;M4;Нет;
175;Еда;Сухие продукты;Вяленое мясо;beef jerky;low poly beef jerky 3d model;На земле / в инвентаре;статичная;200-800;да;0.1;M4;Нет;
176;Еда;Сухие продукты;Лапша быстрого приготовления;instant noodles;low poly instant noodles 3d model;На земле / в инвентаре;статичная;200-800;да;0.1;M4;Нет;
177;Еда;Сухие продукты;Мюсли батончик;granola bar;low poly granola bar 3d model;На земле / в инвентаре;статичная;200-800;да;0.1;M4;Нет;
178;Еда;Сухие продукты;Арахисовое масло;peanut butter jar;low poly peanut butter jar 3d model;На земле / в инвентаре;статичная;200-800;да;0.5;M4;Нет;
179;Еда;Сухие продукты;Джем;jam jar;low poly jam jar 3d model;На земле / в инвентаре;статичная;200-800;да;0.5;M4;Нет;
180;Еда;Сухие продукты;Мёд;honey jar;low poly honey jar 3d model;На земле / в инвентаре;статичная;200-800;да;0.5;M4;Нет;
181;Еда;Сухие продукты;Кофе (банка);coffee can;low poly coffee can 3d model;На земле / в инвентаре;статичная;200-800;да;0.3;M4;Нет;
182;Еда;Сухие продукты;Чай (пачка);tea box;low poly tea box 3d model;На земле / в инвентаре;статичная;200-800;да;0.1;M4;Нет;
183;Еда;Сухие продукты;Специи;spice jar;low poly spice jar 3d model;На земле / в инвентаре;статичная;200-800;да;0.1;M4;Нет;
184;Еда;Сухие продукты;Растительное масло;cooking oil bottle;low poly cooking oil bottle 3d model;На земле / в инвентаре;статичная;200-800;да;0.8;M4;Нет;
185;Еда;Сухие продукты;Кетчуп;ketchup bottle;low poly ketchup bottle 3d model;На земле / в инвентаре;статичная;200-800;да;0.4;M4;Нет;
186;Еда;Сухие продукты;Уксус;vinegar bottle;low poly vinegar bottle 3d model;На земле / в инвентаре;статичная;200-800;да;0.8;M4;Нет;консервирование
187;Еда;Свежие продукты;Яблоко;apple;low poly apple 3d model;На земле / в инвентаре;статичная;200-800;да;0.2;M4;Нет;
188;Еда;Свежие продукты;Банан;banana;low poly banana 3d model;На земле / в инвентаре;статичная;200-800;да;0.2;M4;Нет;
189;Еда;Свежие продукты;Апельсин;orange;low poly orange 3d model;На земле / в инвентаре;статичная;200-800;да;0.2;M4;Нет;
190;Еда;Свежие продукты;Картофель;potato;low poly potato 3d model;На земле / в инвентаре;статичная;200-800;да;0.2;M4;Нет;
191;Еда;Свежие продукты;Морковь;carrot;low poly carrot 3d model;На земле / в инвентаре;статичная;200-800;да;0.1;M4;Нет;
192;Еда;Свежие продукты;Капуста;cabbage;low poly cabbage 3d model;На земле / в инвентаре;статичная;200-800;да;1.0;M4;Нет;
193;Еда;Свежие продукты;Помидор;tomato;low poly tomato 3d model;На земле / в инвентаре;статичная;200-800;да;0.2;M4;Нет;
194;Еда;Свежие продукты;Лук;onion;low poly onion 3d model;На земле / в инвентаре;статичная;200-800;да;0.1;M4;Нет;
195;Еда;Свежие продукты;Перец;bell pepper;low poly bell pepper 3d model;На земле / в инвентаре;статичная;200-800;да;0.2;M4;Нет;
196;Еда;Свежие продукты;Салат;lettuce;low poly lettuce 3d model;На земле / в инвентаре;статичная;200-800;да;0.3;M4;Нет;
197;Еда;Свежие продукты;Кукуруза (початок);corn cob;low poly corn cob 3d model;На земле / в инвентаре;статичная;200-800;да;0.3;M4;Нет;
198;Еда;Свежие продукты;Тыква;pumpkin;low poly pumpkin 3d model;На земле / в инвентаре;статичная;200-800;да;3.0;M4;Нет;
199;Еда;Свежие продукты;Клубника;strawberries;low poly strawberries 3d model;На земле / в инвентаре;статичная;200-800;да;0.2;M4;Нет;
200;Еда;Свежие продукты;Хлеб;loaf of bread;low poly loaf of bread 3d model;На земле / в инвентаре;статичная;200-800;да;0.5;M4;Нет;
201;Еда;Свежие продукты;Яйца (упаковка);egg carton;low poly egg carton 3d model;На земле / в инвентаре;статичная;200-800;да;0.6;M4;Нет;
202;Еда;Свежие продукты;Яйцо;egg;low poly egg 3d model;На земле / в инвентаре;статичная;200-800;да;0.05;M4;Нет;
203;Еда;Свежие продукты;Молоко;milk carton;low poly milk carton 3d model;На земле / в инвентаре;статичная;200-800;да;1.0;M4;Нет;
204;Еда;Свежие продукты;Сыр;cheese block;low poly cheese block 3d model;На земле / в инвентаре;статичная;200-800;да;0.4;M4;Нет;
205;Еда;Свежие продукты;Масло сливочное;butter;low poly butter 3d model;На земле / в инвентаре;статичная;200-800;да;0.25;M4;Нет;
206;Еда;Свежие продукты;Стейк;raw steak;low poly raw steak 3d model;На земле / в инвентаре;статичная;200-800;да;0.4;M4;Нет;
207;Еда;Свежие продукты;Курица;raw chicken;low poly raw chicken 3d model;На земле / в инвентаре;статичная;200-800;да;1.0;M4;Нет;
208;Еда;Свежие продукты;Фарш;ground beef;low poly ground beef 3d model;На земле / в инвентаре;статичная;200-800;да;0.5;M4;Нет;
209;Еда;Свежие продукты;Бекон;bacon;low poly bacon 3d model;На земле / в инвентаре;статичная;200-800;да;0.3;M4;Нет;
210;Еда;Свежие продукты;Сосиски;hot dogs pack;low poly hot dogs pack 3d model;На земле / в инвентаре;статичная;200-800;да;0.4;M4;Нет;
211;Еда;Свежие продукты;Рыба (сырая);raw fish;low poly raw fish 3d model;На земле / в инвентаре;статичная;200-800;да;0.5;M4;Нет;
212;Еда;Свежие продукты;Мясо кролика;raw rabbit meat;low poly raw rabbit meat 3d model;На земле / в инвентаре;статичная;200-800;да;0.4;M4;Нет;
213;Еда;Свежие продукты;Мясо птицы (дичь);raw bird meat;low poly raw bird meat 3d model;На земле / в инвентаре;статичная;200-800;да;0.2;M4;Нет;
214;Еда;Свежие продукты;Пицца;pizza;low poly pizza 3d model;На земле / в инвентаре;статичная;200-800;да;0.8;M4;Нет;
215;Еда;Свежие продукты;Бургер;hamburger;low poly hamburger 3d model;На земле / в инвентаре;статичная;200-800;да;0.3;M4;Нет;
216;Еда;Свежие продукты;Пончик;donut;low poly donut 3d model;На земле / в инвентаре;статичная;200-800;да;0.1;M4;Нет;
217;Еда;Свежие продукты;Замороженный ужин;frozen dinner tray;low poly frozen dinner tray 3d model;На земле / в инвентаре;статичная;200-800;да;0.4;M4;Нет;
218;Еда;Свежие продукты;Мороженое;ice cream tub;low poly ice cream tub 3d model;На земле / в инвентаре;статичная;200-800;да;0.5;M4;Нет;
219;Еда;Лесное;Ягоды (съедобные);wild berries;low poly wild berries 3d model;На земле / в инвентаре;статичная;200-800;да;0.1;M7;Нет;
220;Еда;Лесное;Ягоды (ядовитые);poison berries;low poly poison berries 3d model;На земле / в инвентаре;статичная;200-800;да;0.1;M7;Нет;вариант текстуры
221;Еда;Лесное;Грибы (съедобные);edible mushroom;low poly edible mushroom 3d model;На земле / в инвентаре;статичная;200-800;да;0.1;M7;Нет;
222;Еда;Лесное;Грибы (ядовитые);poison mushroom;low poly poison mushroom 3d model;На земле / в инвентаре;статичная;200-800;да;0.1;M7;Нет;
223;Еда;Лесное;Червь;worm bait;low poly worm bait 3d model;На земле / в инвентаре;статичная;200-800;да;0.01;M7;Нет;
224;Еда;Лесное;Кузнечик;grasshopper;low poly grasshopper 3d model;На земле / в инвентаре;статичная;200-800;да;0.01;M7;Нет;
225;Еда;Лесное;Дикий лук;wild onion;low poly wild onion 3d model;На земле / в инвентаре;статичная;200-800;да;0.1;M7;Нет;
226;Еда;Лесное;Жёлуди;acorns;low poly acorns 3d model;На земле / в инвентаре;статичная;200-800;да;0.1;M7;Нет;
227;Еда;Напитки;Бутылка воды;water bottle;low poly water bottle 3d model;На земле / в инвентаре;статичная;200-800;да;0.6;M3;Нет;Drainable
228;Еда;Напитки;Газировка (банка);soda can;low poly soda can 3d model;На земле / в инвентаре;статичная;200-800;да;0.35;M3;Нет;
229;Еда;Напитки;Газировка (бутылка 2 л);2 liter soda bottle;low poly 2 liter soda bottle 3d model;На земле / в инвентаре;статичная;200-800;да;2.0;M3;Нет;
230;Еда;Напитки;Сок (пакет);juice box;low poly juice box 3d model;На земле / в инвентаре;статичная;200-800;да;0.3;M3;Нет;
231;Еда;Напитки;Пиво (банка);beer can;low poly beer can 3d model;На земле / в инвентаре;статичная;200-800;да;0.35;M3;Нет;
232;Еда;Напитки;Пиво (бутылка);beer bottle;low poly beer bottle 3d model;На земле / в инвентаре;статичная;200-800;да;0.5;M3;Нет;
233;Еда;Напитки;Вино;wine bottle;low poly wine bottle 3d model;На земле / в инвентаре;статичная;200-800;да;1.2;M3;Нет;
234;Еда;Напитки;Виски;whiskey bottle;low poly whiskey bottle 3d model;На земле / в инвентаре;статичная;200-800;да;1.0;M3;Нет;
235;Еда;Напитки;Водка;vodka bottle;low poly vodka bottle 3d model;На земле / в инвентаре;статичная;200-800;да;1.0;M3;Нет;
236;Еда;Напитки;Энергетик;energy drink can;low poly energy drink can 3d model;На земле / в инвентаре;статичная;200-800;да;0.3;M3;Нет;
237;Еда;Напитки;Пустая бутылка;empty plastic bottle;low poly empty plastic bottle 3d model;На земле / в инвентаре;статичная;200-800;да;0.05;M3;Нет;
238;Еда;Напитки;Пустая стеклянная бутылка;empty glass bottle;low poly empty glass bottle 3d model;На земле / в инвентаре;статичная;200-800;да;0.3;M3;Нет;
239;Еда;Напитки;Фляга;canteen;low poly canteen 3d model;На земле / в инвентаре;статичная;200-800;да;0.3;M3;Нет;Drainable
240;Еда;Напитки;Кружка;mug;low poly mug 3d model;На земле / в инвентаре;статичная;200-800;да;0.3;M3;Нет;
241;Еда;Напитки;Термос;thermos;low poly thermos 3d model;На земле / в инвентаре;статичная;200-800;да;0.5;M3;Нет;
242;Еда;Приготовленное;Кастрюля с супом;pot of soup;low poly pot of soup 3d model;На земле / в инвентаре;статичная;200-800;да;3.0;M4;Нет;состояние кастрюли
243;Еда;Приготовленное;Кастрюля с рагу;pot of stew;low poly pot of stew 3d model;На земле / в инвентаре;статичная;200-800;да;3.0;M4;Нет;
244;Еда;Приготовленное;Жареное мясо;cooked meat;low poly cooked meat 3d model;На земле / в инвентаре;статичная;200-800;да;0.3;M4;Нет;
245;Еда;Приготовленное;Жареная рыба;cooked fish;low poly cooked fish 3d model;На земле / в инвентаре;статичная;200-800;да;0.3;M4;Нет;
246;Еда;Приготовленное;Сэндвич;sandwich;low poly sandwich 3d model;На земле / в инвентаре;статичная;200-800;да;0.2;M4;Нет;
247;Еда;Приготовленное;Салат (миска);salad bowl;low poly salad bowl 3d model;На земле / в инвентаре;статичная;200-800;да;0.4;M4;Нет;
248;Еда;Приготовленное;Банка с соленьями;jar of pickles;low poly jar of pickles 3d model;На земле / в инвентаре;статичная;200-800;да;0.8;M4;Нет;консервирование
249;Еда;Приготовленное;Пустая стеклянная банка;empty mason jar;low poly empty mason jar 3d model;На земле / в инвентаре;статичная;200-800;да;0.3;M4;Нет;
250;Еда;Приготовленное;Крышка для банки;jar lid;low poly jar lid 3d model;На земле / в инвентаре;статичная;200-800;да;0.02;M4;Нет;
251;Еда;Приготовленное;Сгоревшая еда;burnt food;low poly burnt food 3d model;На земле / в инвентаре;статичная;200-800;да;0.2;M4;Нет;вариант текстуры
252;Кухня;Посуда;Кастрюля;cooking pot;low poly cooking pot 3d model;В руке + на земле;статичная, точка хвата;800-1500;да;1.5;M4;Нет;
253;Кухня;Посуда;Сотейник;saucepan;low poly saucepan 3d model;В руке + на земле;статичная, точка хвата;800-1500;да;1.0;M4;Нет;
254;Кухня;Посуда;Чайник;kettle;low poly kettle 3d model;В руке + на земле;статичная, точка хвата;800-1500;да;1.0;M4;Нет;
255;Кухня;Посуда;Противень;baking tray;low poly baking tray 3d model;В руке + на земле;статичная, точка хвата;800-1500;да;0.8;M4;Нет;
256;Кухня;Посуда;Миска;bowl;low poly bowl 3d model;В руке + на земле;статичная, точка хвата;800-1500;да;0.3;M4;Нет;
257;Кухня;Посуда;Тарелка;plate;low poly plate 3d model;В руке + на земле;статичная, точка хвата;800-1500;да;0.3;M4;Нет;
258;Кухня;Посуда;Вилка;fork;low poly fork 3d model;В руке + на земле;статичная, точка хвата;800-1500;да;0.05;M4;Нет;
259;Кухня;Посуда;Ложка;spoon;low poly spoon 3d model;В руке + на земле;статичная, точка хвата;800-1500;да;0.05;M4;Нет;
260;Кухня;Посуда;Половник;ladle;low poly ladle 3d model;В руке + на земле;статичная, точка хвата;800-1500;да;0.2;M4;Нет;
261;Кухня;Посуда;Разделочная доска;cutting board;low poly cutting board 3d model;В руке + на земле;статичная, точка хвата;800-1500;да;0.5;M4;Нет;
262;Кухня;Посуда;Термометр кухонный;kitchen thermometer;low poly kitchen thermometer 3d model;В руке + на земле;статичная, точка хвата;800-1500;да;0.05;M4;Нет;
263;Кухня;Посуда;Прихватка;oven mitt;low poly oven mitt 3d model;В руке + на земле;статичная, точка хвата;800-1500;да;0.1;M4;Нет;
264;Медицина;Перевязка и обработка;Бинт;bandage roll;low poly bandage roll 3d model;На земле / в инвентаре;статичная;200-800;да;0.1;M4;Нет;
265;Медицина;Перевязка и обработка;Стерильный бинт;sterile bandage;low poly sterile bandage 3d model;На земле / в инвентаре;статичная;200-800;да;0.1;M4;Нет;вариант текстуры
266;Медицина;Перевязка и обработка;Пластырь;adhesive bandage;low poly adhesive bandage 3d model;На земле / в инвентаре;статичная;200-800;да;0.01;M4;Нет;
267;Медицина;Перевязка и обработка;Спирт (бутылка);rubbing alcohol bottle;low poly rubbing alcohol bottle 3d model;На земле / в инвентаре;статичная;200-800;да;0.5;M4;Нет;
268;Медицина;Перевязка и обработка;Дезинфектор;antiseptic bottle;low poly antiseptic bottle 3d model;На земле / в инвентаре;статичная;200-800;да;0.3;M4;Нет;
269;Медицина;Перевязка и обработка;Спиртовые салфетки;alcohol wipes;low poly alcohol wipes 3d model;На земле / в инвентаре;статичная;200-800;да;0.05;M4;Нет;
270;Медицина;Перевязка и обработка;Вата;cotton balls;low poly cotton balls 3d model;На земле / в инвентаре;статичная;200-800;да;0.05;M4;Нет;
271;Медицина;Перевязка и обработка;Нитки хирургические;suture thread;low poly suture thread 3d model;На земле / в инвентаре;статичная;200-800;да;0.01;M4;Нет;
272;Медицина;Перевязка и обработка;Шина;medical splint;low poly medical splint 3d model;На земле / в инвентаре;статичная;200-800;да;0.3;M4;Нет;
273;Медицина;Перевязка и обработка;Жгут;tourniquet;low poly tourniquet 3d model;На земле / в инвентаре;статичная;200-800;да;0.1;M4;Нет;
274;Медицина;Перевязка и обработка;Перчатки медицинские;latex gloves;low poly latex gloves 3d model;На земле / в инвентаре;статичная;200-800;да;0.05;M4;Нет;
275;Медицина;Перевязка и обработка;Аптечка;first aid kit;low poly first aid kit 3d model;На земле / в инвентаре;статичная;200-800;да;1.0;M4;Нет;контейнер
276;Медицина;Перевязка и обработка;Аптечка большая;large medical bag;low poly large medical bag 3d model;На земле / в инвентаре;статичная;200-800;да;2.0;M4;Нет;контейнер
277;Медицина;Перевязка и обработка;Мазь;ointment tube;low poly ointment tube 3d model;На земле / в инвентаре;статичная;200-800;да;0.05;M4;Нет;
278;Медицина;Перевязка и обработка;Холодный компресс;ice pack;low poly ice pack 3d model;На земле / в инвентаре;статичная;200-800;да;0.3;M4;Нет;
279;Медицина;Таблетки;Обезболивающее;painkiller pill bottle;low poly painkiller pill bottle 3d model;На земле / в инвентаре;статичная;200-800;да;0.1;M4;Нет;
280;Медицина;Таблетки;Антибиотики;antibiotics pill bottle;low poly antibiotics pill bottle 3d model;На земле / в инвентаре;статичная;200-800;да;0.1;M4;Нет;вариант текстуры
281;Медицина;Таблетки;Бета-блокаторы;beta blockers pill bottle;low poly beta blockers pill bottle 3d model;На земле / в инвентаре;статичная;200-800;да;0.1;M4;Нет;вариант текстуры
282;Медицина;Таблетки;Антидепрессанты;antidepressants pill bottle;low poly antidepressants pill bottle 3d model;На земле / в инвентаре;статичная;200-800;да;0.1;M4;Нет;вариант текстуры
283;Медицина;Таблетки;Снотворное;sleeping pills bottle;low poly sleeping pills bottle 3d model;На земле / в инвентаре;статичная;200-800;да;0.1;M4;Нет;вариант текстуры
284;Медицина;Таблетки;Витамины;vitamins bottle;low poly vitamins bottle 3d model;На земле / в инвентаре;статичная;200-800;да;0.1;M4;Нет;вариант текстуры
285;Медицина;Таблетки;Сигареты (пачка);cigarette pack;low poly cigarette pack 3d model;На земле / в инвентаре;статичная;200-800;да;0.05;M4;Нет;
286;Медицина;Таблетки;Сигарета;single cigarette;low poly single cigarette 3d model;На земле / в инвентаре;статичная;200-800;да;0.01;M4;Нет;
287;Медицина;Таблетки;Никотиновая жвачка;nicotine gum;low poly nicotine gum 3d model;На земле / в инвентаре;статичная;200-800;да;0.02;M4;Нет;
288;Медицина;Таблетки;Лекарственные травы;medicinal herbs;low poly medicinal herbs 3d model;На земле / в инвентаре;статичная;200-800;да;0.1;M4;Нет;
289;Медицина;Таблетки;Травяной отвар;herbal tea mug;low poly herbal tea mug 3d model;На земле / в инвентаре;статичная;200-800;да;0.3;M4;Нет;крафт
290;Медицина;Таблетки;Припарка;poultice;low poly poultice 3d model;На земле / в инвентаре;статичная;200-800;да;0.1;M4;Нет;крафт
291;Литература;Книги навыков;Книга: Плотничество (5 томов);old book;low poly old book 3d model;Вариант текстуры другой модели;та же модель;-;да;0.5;M3;Нет;1 модель книги + 5 обложек на каждый навык
292;Литература;Книги навыков;Книга: Кулинария (5 томов);old book;low poly old book 3d model;Вариант текстуры другой модели;та же модель;-;да;0.5;M3;Нет;
293;Литература;Книги навыков;Книга: Фермерство (5 томов);old book;low poly old book 3d model;Вариант текстуры другой модели;та же модель;-;да;0.5;M3;Нет;
294;Литература;Книги навыков;Книга: Первая помощь (5 томов);old book;low poly old book 3d model;Вариант текстуры другой модели;та же модель;-;да;0.5;M3;Нет;
295;Литература;Книги навыков;Книга: Электрика (5 томов);old book;low poly old book 3d model;Вариант текстуры другой модели;та же модель;-;да;0.5;M3;Нет;
296;Литература;Книги навыков;Книга: Металлообработка (5 томов);old book;low poly old book 3d model;Вариант текстуры другой модели;та же модель;-;да;0.5;M3;Нет;
297;Литература;Книги навыков;Книга: Механика (5 томов);old book;low poly old book 3d model;Вариант текстуры другой модели;та же модель;-;да;0.5;M3;Нет;
298;Литература;Книги навыков;Книга: Шитьё (5 томов);old book;low poly old book 3d model;Вариант текстуры другой модели;та же модель;-;да;0.5;M3;Нет;
299;Литература;Книги навыков;Книга: Рыбалка (5 томов);old book;low poly old book 3d model;Вариант текстуры другой модели;та же модель;-;да;0.5;M3;Нет;
300;Литература;Книги навыков;Книга: Ловушки (5 томов);old book;low poly old book 3d model;Вариант текстуры другой модели;та же модель;-;да;0.5;M3;Нет;
301;Литература;Книги навыков;Книга: Собирательство (5 томов);old book;low poly old book 3d model;Вариант текстуры другой модели;та же модель;-;да;0.5;M3;Нет;
302;Литература;Журналы и прочее;Журнал с рецептами;magazine;low poly magazine 3d model;На земле / в инвентаре;статичная;200-800;да;0.2;M3;Нет;одна модель, много обложек
303;Литература;Журналы и прочее;Комикс;comic book;low poly comic book 3d model;На земле / в инвентаре;статичная;200-800;да;0.1;M3;Нет;
304;Литература;Журналы и прочее;Газета;newspaper;low poly newspaper 3d model;На земле / в инвентаре;статичная;200-800;да;0.1;M3;Нет;
305;Литература;Журналы и прочее;Роман;paperback novel;low poly paperback novel 3d model;На земле / в инвентаре;статичная;200-800;да;0.3;M3;Нет;
306;Литература;Журналы и прочее;Карта города (бумажная);folded paper map;low poly folded paper map 3d model;На земле / в инвентаре;статичная;200-800;да;0.05;M3;Нет;
307;Литература;Журналы и прочее;Блокнот;notebook;low poly notebook 3d model;На земле / в инвентаре;статичная;200-800;да;0.1;M3;Нет;
308;Литература;Журналы и прочее;Карандаш;pencil;low poly pencil 3d model;На земле / в инвентаре;статичная;200-800;да;0.01;M3;Нет;
309;Литература;Журналы и прочее;Ручка;pen;low poly pen 3d model;На земле / в инвентаре;статичная;200-800;да;0.01;M3;Нет;
310;Литература;Журналы и прочее;Журнал: генератор;magazine;low poly magazine 3d model;На земле / в инвентаре;статичная;200-800;да;0.2;M3;Нет;вариант текстуры
311;Литература;Журналы и прочее;Журнал: механика машин;magazine;low poly magazine 3d model;На земле / в инвентаре;статичная;200-800;да;0.2;M3;Нет;вариант текстуры
312;Электроника и свет;Переносное;Фонарик;flashlight;low poly flashlight 3d model;В руке + на земле;статичная, точка хвата;800-1500;да;0.3;M3;Нет;
313;Электроника и свет;Переносное;Налобный фонарь;headlamp;low poly headlamp 3d model;В руке + на земле;статичная, точка хвата;800-1500;да;0.2;M3;Нет;надевается
314;Электроника и свет;Переносное;Фонарь кемпинговый;camping lantern;low poly camping lantern 3d model;В руке + на земле;статичная, точка хвата;800-1500;да;1.0;M3;Нет;
315;Электроника и свет;Переносное;Свеча;candle;low poly candle 3d model;В руке + на земле;статичная, точка хвата;800-1500;да;0.1;M3;Нет;
316;Электроника и свет;Переносное;Факел;torch;low poly torch 3d model;В руке + на земле;статичная, точка хвата;800-1500;да;0.8;M3;Нет;крафт
317;Электроника и свет;Переносное;Рация;walkie talkie;low poly walkie talkie 3d model;В руке + на земле;статичная, точка хвата;800-1500;да;0.4;M3;Нет;
318;Электроника и свет;Переносное;Радиоприёмник;portable radio;low poly portable radio 3d model;В руке + на земле;статичная, точка хвата;800-1500;да;1.0;M3;Нет;
319;Электроника и свет;Переносное;Часы наручные;wrist watch;low poly wrist watch 3d model;В руке + на земле;статичная, точка хвата;800-1500;да;0.05;M3;Нет;надевается
320;Электроника и свет;Переносное;Цифровые часы;digital watch;low poly digital watch 3d model;В руке + на земле;статичная, точка хвата;800-1500;да;0.05;M3;Нет;надевается
321;Электроника и свет;Переносное;Будильник;alarm clock;low poly alarm clock 3d model;В руке + на земле;статичная, точка хвата;800-1500;да;0.3;M3;Нет;
322;Электроника и свет;Переносное;Мобильный телефон;old cell phone 90s;low poly old cell phone 90s 3d model;В руке + на земле;статичная, точка хвата;800-1500;да;0.2;M3;Нет;хлам
323;Электроника и свет;Переносное;Плеер;cd player;low poly cd player 3d model;В руке + на земле;статичная, точка хвата;800-1500;да;0.3;M3;Нет;
324;Электроника и свет;Переносное;Сигнальная ракетница;flare gun;low poly flare gun 3d model;В руке + на земле;статичная, точка хвата;800-1500;да;0.8;M3;Нет;
325;Электроника и свет;Переносное;Фальшфейер;road flare;low poly road flare 3d model;В руке + на земле;статичная, точка хвата;800-1500;да;0.2;M3;Нет;
326;Электроника и свет;Переносное;Шумовая ловушка;noise maker trap;low poly noise maker trap 3d model;В руке + на земле;статичная, точка хвата;800-1500;да;0.5;M3;Нет;крафт: будильник + ...
327;Электроника и свет;Переносное;Самодельная бомба;pipe bomb;low poly pipe bomb 3d model;В руке + на земле;статичная, точка хвата;800-1500;да;1.0;M3;Нет;крафт
328;Электроника и свет;Переносное;Коктейль Молотова;molotov cocktail;low poly molotov cocktail 3d model;В руке + на земле;статичная, точка хвата;800-1500;да;1.0;M3;Нет;крафт
329;Выживание;Ферма;Семена моркови;seed packet;low poly seed packet 3d model;На земле / в инвентаре;статичная;200-800;да;0.05;M7;Нет;1 модель пакетика, разные текстуры
330;Выживание;Ферма;Семена картофеля;seed packet;low poly seed packet 3d model;На земле / в инвентаре;статичная;200-800;да;0.05;M7;Нет;
331;Выживание;Ферма;Семена капусты;seed packet;low poly seed packet 3d model;На земле / в инвентаре;статичная;200-800;да;0.05;M7;Нет;
332;Выживание;Ферма;Семена томатов;seed packet;low poly seed packet 3d model;На земле / в инвентаре;статичная;200-800;да;0.05;M7;Нет;
333;Выживание;Ферма;Семена клубники;seed packet;low poly seed packet 3d model;На земле / в инвентаре;статичная;200-800;да;0.05;M7;Нет;
334;Выживание;Ферма;Семена тыквы;seed packet;low poly seed packet 3d model;На земле / в инвентаре;статичная;200-800;да;0.05;M7;Нет;
335;Выживание;Ферма;Семена кукурузы;seed packet;low poly seed packet 3d model;На земле / в инвентаре;статичная;200-800;да;0.05;M7;Нет;
336;Выживание;Ферма;Удобрение (мешок);fertilizer bag;low poly fertilizer bag 3d model;На земле / в инвентаре;статичная;200-800;да;5.0;M7;Нет;
337;Выживание;Ферма;Компост (мешок);compost bag;low poly compost bag 3d model;На земле / в инвентаре;статичная;200-800;да;5.0;M7;Нет;
338;Выживание;Ферма;Средство от вредителей;pesticide spray bottle;low poly pesticide spray bottle 3d model;На земле / в инвентаре;статичная;200-800;да;0.5;M7;Нет;
339;Выживание;Рыбалка и ловушки;Леска;fishing line;low poly fishing line 3d model;На земле / в инвентаре;статичная;200-800;да;0.05;M7;Нет;
340;Выживание;Рыбалка и ловушки;Крючки;fishing hooks;low poly fishing hooks 3d model;На земле / в инвентаре;статичная;200-800;да;0.01;M7;Нет;
341;Выживание;Рыбалка и ловушки;Приманка;fishing lure;low poly fishing lure 3d model;На земле / в инвентаре;статичная;200-800;да;0.01;M7;Нет;
342;Выживание;Рыбалка и ловушки;Рыболовная сеть;fishing net;low poly fishing net 3d model;На земле / в инвентаре;статичная;200-800;да;1.0;M7;Нет;
343;Выживание;Рыбалка и ловушки;Капкан;bear trap;low poly bear trap 3d model;На земле / в инвентаре;статичная;200-800;да;3.0;M7;Нет;
344;Выживание;Рыбалка и ловушки;Ловушка-клетка;cage trap;low poly cage trap 3d model;На земле / в инвентаре;статичная;200-800;да;2.0;M7;Нет;
345;Выживание;Рыбалка и ловушки;Ловушка-коробка;box trap wooden;low poly box trap wooden 3d model;На земле / в инвентаре;статичная;200-800;да;1.5;M7;Нет;крафт
346;Выживание;Рыбалка и ловушки;Силки;snare trap;low poly snare trap 3d model;На земле / в инвентаре;статичная;200-800;да;0.2;M7;Нет;крафт
347;Выживание;Рыбалка и ловушки;Мышеловка;mouse trap;low poly mouse trap 3d model;На земле / в инвентаре;статичная;200-800;да;0.1;M7;Нет;
348;Выживание;Рыбалка и ловушки;Мёртвый кролик;dead rabbit;low poly dead rabbit 3d model;На земле / в инвентаре;статичная;200-800;да;1.5;M7;Нет;
349;Выживание;Рыбалка и ловушки;Мёртвая птица;dead bird;low poly dead bird 3d model;На земле / в инвентаре;статичная;200-800;да;0.3;M7;Нет;
350;Выживание;Рыбалка и ловушки;Мёртвая крыса;dead rat;low poly dead rat 3d model;На земле / в инвентаре;статичная;200-800;да;0.2;M7;Нет;
351;Выживание;Лагерь;Палатка (свёрнутая);rolled tent;low poly rolled tent 3d model;На земле / в инвентаре;статичная;200-800;да;3.0;M7;Нет;
352;Выживание;Лагерь;Спальный мешок;sleeping bag;low poly sleeping bag 3d model;На земле / в инвентаре;статичная;200-800;да;1.5;M7;Нет;
353;Выживание;Лагерь;Походная горелка;camping stove;low poly camping stove 3d model;На земле / в инвентаре;статичная;200-800;да;1.0;M7;Нет;
354;Выживание;Лагерь;Котелок;camping pot;low poly camping pot 3d model;На земле / в инвентаре;статичная;200-800;да;0.6;M7;Нет;
355;Выживание;Лагерь;Растопка;kindling;low poly kindling 3d model;На земле / в инвентаре;статичная;200-800;да;0.3;M7;Нет;
356;Выживание;Лагерь;Уголь (мешок);charcoal bag;low poly charcoal bag 3d model;На земле / в инвентаре;статичная;200-800;да;3.0;M7;Нет;
357;Выживание;Лагерь;Дрова;firewood;low poly firewood 3d model;На земле / в инвентаре;статичная;200-800;да;2.0;M7;Нет;
358;Разное;Хлам и мелочи;Ключ от дома;house key;low poly house key 3d model;На земле / в инвентаре;статичная;200-800;да;0.01;M3;Нет;
359;Разное;Хлам и мелочи;Ключ от машины;car key;low poly car key 3d model;На земле / в инвентаре;статичная;200-800;да;0.01;M3;Нет;
360;Разное;Хлам и мелочи;Связка ключей;key ring;low poly key ring 3d model;На земле / в инвентаре;статичная;200-800;да;0.05;M3;Нет;
361;Разное;Хлам и мелочи;Кошелёк;wallet;low poly wallet 3d model;На земле / в инвентаре;статичная;200-800;да;0.1;M3;Нет;
362;Разное;Хлам и мелочи;Деньги;dollar bills;low poly dollar bills 3d model;На земле / в инвентаре;статичная;200-800;да;0.01;M3;Нет;
363;Разное;Хлам и мелочи;Кредитка;credit card;low poly credit card 3d model;На земле / в инвентаре;статичная;200-800;да;0.01;M3;Нет;
364;Разное;Хлам и мелочи;Фото;photograph;low poly photograph 3d model;На земле / в инвентаре;статичная;200-800;да;0.01;M3;Нет;
365;Разное;Хлам и мелочи;Игральные карты;playing cards;low poly playing cards 3d model;На земле / в инвентаре;статичная;200-800;да;0.1;M3;Нет;
366;Разное;Хлам и мелочи;Кубики;dice;low poly dice 3d model;На земле / в инвентаре;статичная;200-800;да;0.01;M3;Нет;
367;Разное;Хлам и мелочи;Мяч;basketball;low poly basketball 3d model;На земле / в инвентаре;статичная;200-800;да;0.6;M3;Нет;
368;Разное;Хлам и мелочи;Плюшевая игрушка;teddy bear;low poly teddy bear 3d model;На земле / в инвентаре;статичная;200-800;да;0.3;M3;Нет;
369;Разное;Хлам и мелочи;Кукла;doll;low poly doll 3d model;На земле / в инвентаре;статичная;200-800;да;0.3;M3;Нет;
370;Разное;Хлам и мелочи;Губная гармошка;harmonica;low poly harmonica 3d model;На земле / в инвентаре;статичная;200-800;да;0.1;M3;Нет;
371;Разное;Хлам и мелочи;Гитара;acoustic guitar;low poly acoustic guitar 3d model;На земле / в инвентаре;статичная;200-800;да;2.5;M3;Нет;
372;Разное;Хлам и мелочи;Зонт;umbrella;low poly umbrella 3d model;На земле / в инвентаре;статичная;200-800;да;0.6;M3;Нет;держится в руке
373;Разное;Хлам и мелочи;Туалетная бумага;toilet paper roll;low poly toilet paper roll 3d model;На земле / в инвентаре;статичная;200-800;да;0.1;M3;Нет;
374;Разное;Хлам и мелочи;Мыло;soap bar;low poly soap bar 3d model;На земле / в инвентаре;статичная;200-800;да;0.1;M3;Нет;
375;Разное;Хлам и мелочи;Шампунь;shampoo bottle;low poly shampoo bottle 3d model;На земле / в инвентаре;статичная;200-800;да;0.4;M3;Нет;
376;Разное;Хлам и мелочи;Зубная щётка;toothbrush;low poly toothbrush 3d model;На земле / в инвентаре;статичная;200-800;да;0.02;M3;Нет;
377;Разное;Хлам и мелочи;Полотенце;towel;low poly towel 3d model;На земле / в инвентаре;статичная;200-800;да;0.3;M3;Нет;
378;Разное;Хлам и мелочи;Отбеливатель;bleach bottle;low poly bleach bottle 3d model;На земле / в инвентаре;статичная;200-800;да;1.5;M3;Нет;
379;Разное;Хлам и мелочи;Моющее средство;detergent bottle;low poly detergent bottle 3d model;На земле / в инвентаре;статичная;200-800;да;1.5;M3;Нет;
380;Разное;Хлам и мелочи;Губка;sponge;low poly sponge 3d model;На земле / в инвентаре;статичная;200-800;да;0.01;M3;Нет;
381;Разное;Хлам и мелочи;Расчёска;comb;low poly comb 3d model;На земле / в инвентаре;статичная;200-800;да;0.02;M3;Нет;
382;Разное;Хлам и мелочи;Помада;lipstick;low poly lipstick 3d model;На земле / в инвентаре;статичная;200-800;да;0.01;M3;Нет;
383;Разное;Хлам и мелочи;Очки;eyeglasses;low poly eyeglasses 3d model;На земле / в инвентаре;статичная;200-800;да;0.05;M3;Нет;надевается, для черты Близорукий
384;Разное;Хлам и мелочи;Мусорный мешок;garbage bag;low poly garbage bag 3d model;На земле / в инвентаре;статичная;200-800;да;0.05;M3;Нет;
385;Разное;Хлам и мелочи;Мешок для трупов;body bag;low poly body bag 3d model;На земле / в инвентаре;статичная;200-800;да;1.0;M3;Нет;
386;Разное;Хлам и мелочи;Пакет;plastic bag;low poly plastic bag 3d model;На земле / в инвентаре;статичная;200-800;да;0.02;M3;Нет;контейнер
387;Разное;Хлам и мелочи;Бумажный пакет;paper bag;low poly paper bag 3d model;На земле / в инвентаре;статичная;200-800;да;0.05;M3;Нет;контейнер
388;Разное;Хлам и мелочи;Картонная коробка;cardboard box;low poly cardboard box 3d model;На земле / в инвентаре;статичная;200-800;да;0.5;M3;Нет;контейнер
389;Разное;Хлам и мелочи;Бейдж / удостоверение;id badge;low poly id badge 3d model;На земле / в инвентаре;статичная;200-800;да;0.01;M3;Нет;
390;Разное;Хлам и мелочи;Кольцо;ring jewelry;low poly ring jewelry 3d model;На земле / в инвентаре;статичная;200-800;да;0.01;M3;Нет;
391;Разное;Хлам и мелочи;Цепочка;necklace;low poly necklace 3d model;На земле / в инвентаре;статичная;200-800;да;0.01;M3;Нет;
392;Разное;Хлам и мелочи;Серьги;earrings;low poly earrings 3d model;На земле / в инвентаре;статичная;200-800;да;0.01;M3;Нет;
393;Разное;Хлам и мелочи;Сотовый пейджер;pager 90s;low poly pager 90s 3d model;На земле / в инвентаре;статичная;200-800;да;0.1;M3;Нет;
394;Одежда;Головные уборы;Бейсболка;baseball cap;low poly baseball cap 3d model;Одежда на персонаже;скиннинг на общий скелет;1000-3000;да;0.1;M4;Нет;
395;Одежда;Головные уборы;Вязаная шапка;beanie;low poly beanie 3d model;Одежда на персонаже;скиннинг на общий скелет;1000-3000;да;0.1;M4;Нет;
396;Одежда;Головные уборы;Ковбойская шляпа;cowboy hat;low poly cowboy hat 3d model;Одежда на персонаже;скиннинг на общий скелет;1000-3000;да;0.2;M4;Нет;
397;Одежда;Головные уборы;Панама;bucket hat;low poly bucket hat 3d model;Одежда на персонаже;скиннинг на общий скелет;1000-3000;да;0.1;M4;Нет;
398;Одежда;Головные уборы;Мотоциклетный шлем;motorcycle helmet;low poly motorcycle helmet 3d model;Одежда на персонаже;скиннинг на общий скелет;1000-3000;да;1.5;M4;Нет;
399;Одежда;Головные уборы;Строительная каска;hard hat;low poly hard hat 3d model;Одежда на персонаже;скиннинг на общий скелет;1000-3000;да;0.5;M4;Нет;
400;Одежда;Головные уборы;Пожарный шлем;firefighter helmet;low poly firefighter helmet 3d model;Одежда на персонаже;скиннинг на общий скелет;1000-3000;да;1.5;M4;Нет;
401;Одежда;Головные уборы;Военный шлем;military helmet;low poly military helmet 3d model;Одежда на персонаже;скиннинг на общий скелет;1000-3000;да;1.5;M4;Нет;
402;Одежда;Головные уборы;Полицейская фуражка;police cap;low poly police cap 3d model;Одежда на персонаже;скиннинг на общий скелет;1000-3000;да;0.2;M4;Нет;
403;Одежда;Головные уборы;Хоккейная маска;hockey mask;low poly hockey mask 3d model;Одежда на персонаже;скиннинг на общий скелет;1000-3000;да;0.3;M4;Нет;
404;Одежда;Головные уборы;Бандана;bandana;low poly bandana 3d model;Одежда на персонаже;скиннинг на общий скелет;1000-3000;да;0.05;M4;Нет;
405;Одежда;Головные уборы;Противогаз;gas mask;low poly gas mask 3d model;Одежда на персонаже;скиннинг на общий скелет;1000-3000;да;1.0;M4;Нет;
406;Одежда;Головные уборы;Медицинская маска;surgical mask;low poly surgical mask 3d model;Одежда на персонаже;скиннинг на общий скелет;1000-3000;да;0.01;M4;Нет;
407;Одежда;Головные уборы;Солнцезащитные очки;sunglasses;low poly sunglasses 3d model;Одежда на персонаже;скиннинг на общий скелет;1000-3000;да;0.05;M4;Нет;
408;Одежда;Головные уборы;Лыжные очки;ski goggles;low poly ski goggles 3d model;Одежда на персонаже;скиннинг на общий скелет;1000-3000;да;0.2;M4;Нет;
409;Одежда;Головные уборы;Балаклава;balaclava;low poly balaclava 3d model;Одежда на персонаже;скиннинг на общий скелет;1000-3000;да;0.1;M4;Нет;
410;Одежда;Головные уборы;Шапка-ушанка;winter trapper hat;low poly winter trapper hat 3d model;Одежда на персонаже;скиннинг на общий скелет;1000-3000;да;0.3;M4;Нет;
411;Одежда;Головные уборы;Велосипедный шлем;bike helmet;low poly bike helmet 3d model;Одежда на персонаже;скиннинг на общий скелет;1000-3000;да;0.4;M4;Нет;
412;Одежда;Головные уборы;Футбольный шлем;american football helmet;low poly american football helmet 3d model;Одежда на персонаже;скиннинг на общий скелет;1000-3000;да;1.3;M4;Нет;
413;Одежда;Торс: нижний слой;Футболка;t-shirt;low poly t-shirt 3d model;Одежда на персонаже;скиннинг на общий скелет;1000-3000;да;0.2;M4;Нет;много текстур
414;Одежда;Торс: нижний слой;Майка;tank top;low poly tank top 3d model;Одежда на персонаже;скиннинг на общий скелет;1000-3000;да;0.1;M4;Нет;
415;Одежда;Торс: нижний слой;Рубашка с коротким рукавом;short sleeve shirt;low poly short sleeve shirt 3d model;Одежда на персонаже;скиннинг на общий скелет;1000-3000;да;0.2;M4;Нет;
416;Одежда;Торс: нижний слой;Рубашка;dress shirt long sleeve;low poly dress shirt long sleeve 3d model;Одежда на персонаже;скиннинг на общий скелет;1000-3000;да;0.3;M4;Нет;
417;Одежда;Торс: нижний слой;Фланелевая рубашка;flannel shirt;low poly flannel shirt 3d model;Одежда на персонаже;скиннинг на общий скелет;1000-3000;да;0.4;M4;Нет;
418;Одежда;Торс: нижний слой;Поло;polo shirt;low poly polo shirt 3d model;Одежда на персонаже;скиннинг на общий скелет;1000-3000;да;0.2;M4;Нет;
419;Одежда;Торс: нижний слой;Термобельё (верх);thermal undershirt;low poly thermal undershirt 3d model;Одежда на персонаже;скиннинг на общий скелет;1000-3000;да;0.2;M4;Нет;
420;Одежда;Торс: нижний слой;Больничная рубашка;hospital gown;low poly hospital gown 3d model;Одежда на персонаже;скиннинг на общий скелет;1000-3000;да;0.2;M4;Нет;
421;Одежда;Торс: нижний слой;Форма медсестры (верх);scrubs top;low poly scrubs top 3d model;Одежда на персонаже;скиннинг на общий скелет;1000-3000;да;0.2;M4;Нет;
422;Одежда;Торс: нижний слой;Полицейская рубашка;police uniform shirt;low poly police uniform shirt 3d model;Одежда на персонаже;скиннинг на общий скелет;1000-3000;да;0.3;M4;Нет;
423;Одежда;Торс: средний слой;Свитер;sweater;low poly sweater 3d model;Одежда на персонаже;скиннинг на общий скелет;1000-3000;да;0.5;M4;Нет;
424;Одежда;Торс: средний слой;Худи;hoodie;low poly hoodie 3d model;Одежда на персонаже;скиннинг на общий скелет;1000-3000;да;0.6;M4;Нет;
425;Одежда;Торс: средний слой;Кардиган;cardigan;low poly cardigan 3d model;Одежда на персонаже;скиннинг на общий скелет;1000-3000;да;0.4;M4;Нет;
426;Одежда;Торс: средний слой;Жилет;vest;low poly vest 3d model;Одежда на персонаже;скиннинг на общий скелет;1000-3000;да;0.3;M4;Нет;
427;Одежда;Торс: средний слой;Свитшот;sweatshirt;low poly sweatshirt 3d model;Одежда на персонаже;скиннинг на общий скелет;1000-3000;да;0.5;M4;Нет;
428;Одежда;Торс: верхний слой;Джинсовая куртка;denim jacket;low poly denim jacket 3d model;Одежда на персонаже;скиннинг на общий скелет;1000-3000;да;1.0;M4;Нет;
429;Одежда;Торс: верхний слой;Кожаная куртка;leather jacket;low poly leather jacket 3d model;Одежда на персонаже;скиннинг на общий скелет;1000-3000;да;1.5;M4;Нет;
430;Одежда;Торс: верхний слой;Бомбер;bomber jacket;low poly bomber jacket 3d model;Одежда на персонаже;скиннинг на общий скелет;1000-3000;да;1.2;M4;Нет;
431;Одежда;Торс: верхний слой;Ветровка;windbreaker;low poly windbreaker 3d model;Одежда на персонаже;скиннинг на общий скелет;1000-3000;да;0.6;M4;Нет;
432;Одежда;Торс: верхний слой;Пуховик;puffer jacket;low poly puffer jacket 3d model;Одежда на персонаже;скиннинг на общий скелет;1000-3000;да;1.2;M4;Нет;
433;Одежда;Торс: верхний слой;Зимнее пальто;winter coat;low poly winter coat 3d model;Одежда на персонаже;скиннинг на общий скелет;1000-3000;да;2.0;M4;Нет;
434;Одежда;Торс: верхний слой;Плащ-дождевик;raincoat;low poly raincoat 3d model;Одежда на персонаже;скиннинг на общий скелет;1000-3000;да;0.8;M4;Нет;
435;Одежда;Торс: верхний слой;Пиджак;suit jacket;low poly suit jacket 3d model;Одежда на персонаже;скиннинг на общий скелет;1000-3000;да;1.0;M4;Нет;
436;Одежда;Торс: верхний слой;Лабораторный халат;lab coat;low poly lab coat 3d model;Одежда на персонаже;скиннинг на общий скелет;1000-3000;да;0.6;M4;Нет;
437;Одежда;Торс: верхний слой;Пожарная куртка;firefighter jacket;low poly firefighter jacket 3d model;Одежда на персонаже;скиннинг на общий скелет;1000-3000;да;3.0;M4;Нет;
438;Одежда;Торс: верхний слой;Военная куртка;military field jacket;low poly military field jacket 3d model;Одежда на персонаже;скиннинг на общий скелет;1000-3000;да;1.5;M4;Нет;
439;Одежда;Торс: верхний слой;Бронежилет полицейский;police bulletproof vest;low poly police bulletproof vest 3d model;Одежда на персонаже;скиннинг на общий скелет;1000-3000;да;3.0;M4;Нет;
440;Одежда;Торс: верхний слой;Военный бронежилет;military plate carrier;low poly military plate carrier 3d model;Одежда на персонаже;скиннинг на общий скелет;1000-3000;да;5.0;M4;Нет;
441;Одежда;Торс: верхний слой;Светоотражающий жилет;hi-vis safety vest;low poly hi-vis safety vest 3d model;Одежда на персонаже;скиннинг на общий скелет;1000-3000;да;0.3;M4;Нет;
442;Одежда;Торс: верхний слой;Охотничья куртка;hunting jacket camo;low poly hunting jacket camo 3d model;Одежда на персонаже;скиннинг на общий скелет;1000-3000;да;1.5;M4;Нет;
443;Одежда;Торс: верхний слой;Фартук;apron;low poly apron 3d model;Одежда на персонаже;скиннинг на общий скелет;1000-3000;да;0.3;M4;Нет;
444;Одежда;Торс: верхний слой;Мотокуртка;motorcycle leather jacket;low poly motorcycle leather jacket 3d model;Одежда на персонаже;скиннинг на общий скелет;1000-3000;да;2.0;M4;Нет;
445;Одежда;Ноги;Джинсы;jeans;low poly jeans 3d model;Одежда на персонаже;скиннинг на общий скелет;1000-3000;да;0.8;M4;Нет;
446;Одежда;Ноги;Брюки классические;suit trousers;low poly suit trousers 3d model;Одежда на персонаже;скиннинг на общий скелет;1000-3000;да;0.6;M4;Нет;
447;Одежда;Ноги;Карго;cargo pants;low poly cargo pants 3d model;Одежда на персонаже;скиннинг на общий скелет;1000-3000;да;0.8;M4;Нет;
448;Одежда;Ноги;Спортивные штаны;sweatpants;low poly sweatpants 3d model;Одежда на персонаже;скиннинг на общий скелет;1000-3000;да;0.5;M4;Нет;
449;Одежда;Ноги;Шорты;shorts;low poly shorts 3d model;Одежда на персонаже;скиннинг на общий скелет;1000-3000;да;0.3;M4;Нет;
450;Одежда;Ноги;Юбка;skirt;low poly skirt 3d model;Одежда на персонаже;скиннинг на общий скелет;1000-3000;да;0.3;M4;Нет;
451;Одежда;Ноги;Военные штаны;military pants camo;low poly military pants camo 3d model;Одежда на персонаже;скиннинг на общий скелет;1000-3000;да;0.9;M4;Нет;
452;Одежда;Ноги;Пожарные штаны;firefighter pants;low poly firefighter pants 3d model;Одежда на персонаже;скиннинг на общий скелет;1000-3000;да;2.5;M4;Нет;
453;Одежда;Ноги;Полицейские брюки;police trousers;low poly police trousers 3d model;Одежда на персонаже;скиннинг на общий скелет;1000-3000;да;0.6;M4;Нет;
454;Одежда;Ноги;Рабочий комбинезон;work overalls;low poly work overalls 3d model;Одежда на персонаже;скиннинг на общий скелет;1000-3000;да;1.2;M4;Нет;
455;Одежда;Ноги;Термобельё (низ);thermal leggings;low poly thermal leggings 3d model;Одежда на персонаже;скиннинг на общий скелет;1000-3000;да;0.2;M4;Нет;
456;Одежда;Ноги;Форма медсестры (низ);scrubs pants;low poly scrubs pants 3d model;Одежда на персонаже;скиннинг на общий скелет;1000-3000;да;0.3;M4;Нет;
457;Одежда;Ноги;Кожаные штаны;leather pants;low poly leather pants 3d model;Одежда на персонаже;скиннинг на общий скелет;1000-3000;да;1.2;M4;Нет;
458;Одежда;Ноги;Лыжные штаны;ski pants;low poly ski pants 3d model;Одежда на персонаже;скиннинг на общий скелет;1000-3000;да;1.0;M4;Нет;
459;Одежда;Бельё и носки;Трусы;boxer shorts;low poly boxer shorts 3d model;Одежда на персонаже;скиннинг на общий скелет;1000-3000;да;0.05;M4;Нет;
460;Одежда;Бельё и носки;Бельё женское;women underwear;low poly women underwear 3d model;Одежда на персонаже;скиннинг на общий скелет;1000-3000;да;0.05;M4;Нет;
461;Одежда;Бельё и носки;Носки;socks;low poly socks 3d model;Одежда на персонаже;скиннинг на общий скелет;1000-3000;да;0.05;M4;Нет;
462;Одежда;Бельё и носки;Носки тёплые;wool socks;low poly wool socks 3d model;Одежда на персонаже;скиннинг на общий скелет;1000-3000;да;0.1;M4;Нет;
463;Одежда;Обувь;Кроссовки;sneakers;low poly sneakers 3d model;Одежда на персонаже;скиннинг на общий скелет;1000-3000;да;0.8;M4;Нет;
464;Одежда;Обувь;Кеды;canvas shoes;low poly canvas shoes 3d model;Одежда на персонаже;скиннинг на общий скелет;1000-3000;да;0.6;M4;Нет;
465;Одежда;Обувь;Туфли;dress shoes;low poly dress shoes 3d model;Одежда на персонаже;скиннинг на общий скелет;1000-3000;да;0.8;M4;Нет;
466;Одежда;Обувь;Ботинки рабочие;work boots;low poly work boots 3d model;Одежда на персонаже;скиннинг на общий скелет;1000-3000;да;1.5;M4;Нет;
467;Одежда;Обувь;Военные берцы;military combat boots;low poly military combat boots 3d model;Одежда на персонаже;скиннинг на общий скелет;1000-3000;да;1.5;M4;Нет;
468;Одежда;Обувь;Резиновые сапоги;rubber boots;low poly rubber boots 3d model;Одежда на персонаже;скиннинг на общий скелет;1000-3000;да;1.2;M4;Нет;
469;Одежда;Обувь;Ковбойские сапоги;cowboy boots;low poly cowboy boots 3d model;Одежда на персонаже;скиннинг на общий скелет;1000-3000;да;1.3;M4;Нет;
470;Одежда;Обувь;Тапочки;slippers;low poly slippers 3d model;Одежда на персонаже;скиннинг на общий скелет;1000-3000;да;0.3;M4;Нет;
471;Одежда;Обувь;Шлёпанцы;flip flops;low poly flip flops 3d model;Одежда на персонаже;скиннинг на общий скелет;1000-3000;да;0.2;M4;Нет;
472;Одежда;Обувь;Туфли на каблуке;high heels;low poly high heels 3d model;Одежда на персонаже;скиннинг на общий скелет;1000-3000;да;0.5;M4;Нет;
473;Одежда;Обувь;Зимние ботинки;winter snow boots;low poly winter snow boots 3d model;Одежда на персонаже;скиннинг на общий скелет;1000-3000;да;1.8;M4;Нет;
474;Одежда;Обувь;Пожарные сапоги;firefighter boots;low poly firefighter boots 3d model;Одежда на персонаже;скиннинг на общий скелет;1000-3000;да;2.5;M4;Нет;
475;Одежда;Руки и аксессуары;Перчатки рабочие;work gloves;low poly work gloves 3d model;Одежда на персонаже;скиннинг на общий скелет;1000-3000;да;0.2;M4;Нет;
476;Одежда;Руки и аксессуары;Кожаные перчатки;leather gloves;low poly leather gloves 3d model;Одежда на персонаже;скиннинг на общий скелет;1000-3000;да;0.2;M4;Нет;
477;Одежда;Руки и аксессуары;Перчатки без пальцев;fingerless gloves;low poly fingerless gloves 3d model;Одежда на персонаже;скиннинг на общий скелет;1000-3000;да;0.1;M4;Нет;
478;Одежда;Руки и аксессуары;Зимние варежки;winter mittens;low poly winter mittens 3d model;Одежда на персонаже;скиннинг на общий скелет;1000-3000;да;0.2;M4;Нет;
479;Одежда;Руки и аксессуары;Шарф;scarf;low poly scarf 3d model;Одежда на персонаже;скиннинг на общий скелет;1000-3000;да;0.2;M4;Нет;
480;Одежда;Руки и аксессуары;Галстук;necktie;low poly necktie 3d model;Одежда на персонаже;скиннинг на общий скелет;1000-3000;да;0.05;M4;Нет;
481;Одежда;Руки и аксессуары;Ремень;leather belt;low poly leather belt 3d model;Одежда на персонаже;скиннинг на общий скелет;1000-3000;да;0.2;M4;Нет;даёт 2 слота на поясе
482;Одежда;Руки и аксессуары;Тактический пояс;tactical belt;low poly tactical belt 3d model;Одежда на персонаже;скиннинг на общий скелет;1000-3000;да;0.5;M4;Нет;даёт 4 слота
483;Одежда;Руки и аксессуары;Налокотники/наколенники;knee pads;low poly knee pads 3d model;Одежда на персонаже;скиннинг на общий скелет;1000-3000;да;0.4;M4;Нет;
484;Одежда;Руки и аксессуары;Наручи (самодельные);makeshift arm guards;low poly makeshift arm guards 3d model;Одежда на персонаже;скиннинг на общий скелет;1000-3000;да;0.5;M4;Нет;крафт, защита от укусов
485;Одежда;Сумки и рюкзаки;Школьный рюкзак;school backpack;low poly school backpack 3d model;Сумка на персонаже;скиннинг на общий скелет;1000-2000;да;0.5;M4;Нет;
486;Одежда;Сумки и рюкзаки;Походный рюкзак;hiking backpack;low poly hiking backpack 3d model;Сумка на персонаже;скиннинг на общий скелет;1000-2000;да;1.0;M4;Нет;
487;Одежда;Сумки и рюкзаки;Большой туристический рюкзак;large hiking backpack;low poly large hiking backpack 3d model;Сумка на персонаже;скиннинг на общий скелет;1000-2000;да;1.5;M4;Нет;
488;Одежда;Сумки и рюкзаки;Военный рюкзак;military rucksack;low poly military rucksack 3d model;Сумка на персонаже;скиннинг на общий скелет;1000-2000;да;1.5;M4;Нет;
489;Одежда;Сумки и рюкзаки;Спортивная сумка;duffel bag;low poly duffel bag 3d model;Сумка на персонаже;скиннинг на общий скелет;1000-2000;да;0.8;M4;Нет;
490;Одежда;Сумки и рюкзаки;Сумка через плечо;messenger bag;low poly messenger bag 3d model;Сумка на персонаже;скиннинг на общий скелет;1000-2000;да;0.4;M4;Нет;
491;Одежда;Сумки и рюкзаки;Поясная сумка;fanny pack;low poly fanny pack 3d model;Сумка на персонаже;скиннинг на общий скелет;1000-2000;да;0.2;M4;Нет;
492;Одежда;Сумки и рюкзаки;Дамская сумочка;handbag purse;low poly handbag purse 3d model;Сумка на персонаже;скиннинг на общий скелет;1000-2000;да;0.3;M4;Нет;
493;Одежда;Сумки и рюкзаки;Сумка для инструментов;tool bag;low poly tool bag 3d model;Сумка на персонаже;скиннинг на общий скелет;1000-2000;да;1.0;M4;Нет;
494;Одежда;Сумки и рюкзаки;Чемодан;suitcase;low poly suitcase 3d model;Сумка на персонаже;скиннинг на общий скелет;1000-2000;да;2.5;M4;Нет;
495;Одежда;Сумки и рюкзаки;Сумка-холодильник;cooler bag;low poly cooler bag 3d model;Сумка на персонаже;скиннинг на общий скелет;1000-2000;да;1.0;M4;Нет;
496;Одежда;Сумки и рюкзаки;Самодельный рюкзак;makeshift sack backpack;low poly makeshift sack backpack 3d model;Сумка на персонаже;скиннинг на общий скелет;1000-2000;да;0.5;M4;Нет;крафт
497;Одежда;Сумки и рюкзаки;Разгрузочный жилет;tactical chest rig;low poly tactical chest rig 3d model;Сумка на персонаже;скиннинг на общий скелет;1000-2000;да;1.0;M4;Нет;
498;Мебель и объекты;Контейнеры;Шкаф платяной;wardrobe;low poly wardrobe 3d model;Мебель / объект мира;статичная, коллайдер;500-2000;нет;40;M1;Нет;
499;Мебель и объекты;Контейнеры;Комод;dresser;low poly dresser 3d model;Мебель / объект мира;статичная, коллайдер;500-2000;нет;30;M1;Нет;
500;Мебель и объекты;Контейнеры;Тумбочка;nightstand;low poly nightstand 3d model;Мебель / объект мира;статичная, коллайдер;500-2000;нет;10;M1;Нет;
501;Мебель и объекты;Контейнеры;Кухонный шкаф (верхний);kitchen wall cabinet;low poly kitchen wall cabinet 3d model;Мебель / объект мира;статичная, коллайдер;500-2000;нет;15;M1;Нет;
502;Мебель и объекты;Контейнеры;Кухонный шкаф (нижний);kitchen base cabinet;low poly kitchen base cabinet 3d model;Мебель / объект мира;статичная, коллайдер;500-2000;нет;25;M1;Нет;
503;Мебель и объекты;Контейнеры;Холодильник;fridge 90s;low poly fridge 90s 3d model;Мебель / объект мира;статичная, коллайдер;500-2000;нет;60;M1;Нет;
504;Мебель и объекты;Контейнеры;Морозилка;chest freezer;low poly chest freezer 3d model;Мебель / объект мира;статичная, коллайдер;500-2000;нет;50;M1;Нет;
505;Мебель и объекты;Контейнеры;Плита;kitchen stove;low poly kitchen stove 3d model;Мебель / объект мира;статичная, коллайдер;500-2000;нет;50;M1;Нет;
506;Мебель и объекты;Контейнеры;Микроволновка;microwave;low poly microwave 3d model;Мебель / объект мира;статичная, коллайдер;500-2000;нет;12;M1;Нет;
507;Мебель и объекты;Контейнеры;Мусорный бак;trash can;low poly trash can 3d model;Мебель / объект мира;статичная, коллайдер;500-2000;нет;5;M1;Нет;
508;Мебель и объекты;Контейнеры;Мусорный контейнер уличный;dumpster;low poly dumpster 3d model;Мебель / объект мира;статичная, коллайдер;500-2000;нет;200;M1;Нет;
509;Мебель и объекты;Контейнеры;Почтовый ящик;mailbox;low poly mailbox 3d model;Мебель / объект мира;статичная, коллайдер;500-2000;нет;5;M1;Нет;
510;Мебель и объекты;Контейнеры;Ящик для инструментов;toolbox;low poly toolbox 3d model;Мебель / объект мира;статичная, коллайдер;500-2000;нет;3;M1;Нет;
511;Мебель и объекты;Контейнеры;Металлический шкаф;metal locker;low poly metal locker 3d model;Мебель / объект мира;статичная, коллайдер;500-2000;нет;30;M1;Нет;
512;Мебель и объекты;Контейнеры;Картотека;filing cabinet;low poly filing cabinet 3d model;Мебель / объект мира;статичная, коллайдер;500-2000;нет;30;M1;Нет;
513;Мебель и объекты;Контейнеры;Стеллаж;metal shelving;low poly metal shelving 3d model;Мебель / объект мира;статичная, коллайдер;500-2000;нет;20;M1;Нет;
514;Мебель и объекты;Контейнеры;Полка книжная;bookshelf;low poly bookshelf 3d model;Мебель / объект мира;статичная, коллайдер;500-2000;нет;25;M1;Нет;
515;Мебель и объекты;Контейнеры;Магазинный стеллаж;store shelf;low poly store shelf 3d model;Мебель / объект мира;статичная, коллайдер;500-2000;нет;30;M1;Нет;
516;Мебель и объекты;Контейнеры;Холодильник магазинный;store drinks fridge;low poly store drinks fridge 3d model;Мебель / объект мира;статичная, коллайдер;500-2000;нет;80;M1;Нет;
517;Мебель и объекты;Контейнеры;Кассовый аппарат;cash register;low poly cash register 3d model;Мебель / объект мира;статичная, коллайдер;500-2000;нет;10;M1;Нет;
518;Мебель и объекты;Контейнеры;Деревянный ящик;wooden crate;low poly wooden crate 3d model;Мебель / объект мира;статичная, коллайдер;500-2000;нет;5;M1;Нет;
519;Мебель и объекты;Контейнеры;Сейф;safe;low poly safe 3d model;Мебель / объект мира;статичная, коллайдер;500-2000;нет;100;M1;Нет;
520;Мебель и объекты;Контейнеры;Шкафчик для оружия;gun cabinet;low poly gun cabinet 3d model;Мебель / объект мира;статичная, коллайдер;500-2000;нет;60;M1;Нет;
521;Мебель и объекты;Контейнеры;Медицинский шкаф;medicine cabinet;low poly medicine cabinet 3d model;Мебель / объект мира;статичная, коллайдер;500-2000;нет;10;M1;Нет;
522;Мебель и объекты;Контейнеры;Аптечка настенная;wall first aid box;low poly wall first aid box 3d model;Мебель / объект мира;статичная, коллайдер;500-2000;нет;3;M1;Нет;
523;Мебель и объекты;Контейнеры;Торговый автомат;vending machine;low poly vending machine 3d model;Мебель / объект мира;статичная, коллайдер;500-2000;нет;150;M1;Нет;
524;Мебель и объекты;Мебель;Кровать двуспальная;double bed;low poly double bed 3d model;Мебель / объект мира;статичная, коллайдер;500-2000;нет;60;M3;Нет;
525;Мебель и объекты;Мебель;Кровать односпальная;single bed;low poly single bed 3d model;Мебель / объект мира;статичная, коллайдер;500-2000;нет;40;M3;Нет;
526;Мебель и объекты;Мебель;Двухъярусная кровать;bunk bed;low poly bunk bed 3d model;Мебель / объект мира;статичная, коллайдер;500-2000;нет;60;M3;Нет;
527;Мебель и объекты;Мебель;Диван;sofa couch;low poly sofa couch 3d model;Мебель / объект мира;статичная, коллайдер;500-2000;нет;50;M3;Нет;
528;Мебель и объекты;Мебель;Кресло;armchair;low poly armchair 3d model;Мебель / объект мира;статичная, коллайдер;500-2000;нет;25;M3;Нет;
529;Мебель и объекты;Мебель;Стол обеденный;dining table;low poly dining table 3d model;Мебель / объект мира;статичная, коллайдер;500-2000;нет;30;M3;Нет;
530;Мебель и объекты;Мебель;Стул;wooden chair;low poly wooden chair 3d model;Мебель / объект мира;статичная, коллайдер;500-2000;нет;5;M3;Нет;
531;Мебель и объекты;Мебель;Письменный стол;office desk;low poly office desk 3d model;Мебель / объект мира;статичная, коллайдер;500-2000;нет;30;M3;Нет;
532;Мебель и объекты;Мебель;Офисное кресло;office chair;low poly office chair 3d model;Мебель / объект мира;статичная, коллайдер;500-2000;нет;10;M3;Нет;
533;Мебель и объекты;Мебель;Журнальный столик;coffee table;low poly coffee table 3d model;Мебель / объект мира;статичная, коллайдер;500-2000;нет;15;M3;Нет;
534;Мебель и объекты;Мебель;Телевизор;crt television 90s;low poly crt television 90s 3d model;Мебель / объект мира;статичная, коллайдер;500-2000;нет;25;M3;Нет;
535;Мебель и объекты;Мебель;Лампа настольная;table lamp;low poly table lamp 3d model;Мебель / объект мира;статичная, коллайдер;500-2000;нет;2;M3;Нет;
536;Мебель и объекты;Мебель;Торшер;floor lamp;low poly floor lamp 3d model;Мебель / объект мира;статичная, коллайдер;500-2000;нет;5;M3;Нет;
537;Мебель и объекты;Мебель;Унитаз;toilet;low poly toilet 3d model;Мебель / объект мира;статичная, коллайдер;500-2000;нет;30;M3;Нет;
538;Мебель и объекты;Мебель;Ванна;bathtub;low poly bathtub 3d model;Мебель / объект мира;статичная, коллайдер;500-2000;нет;80;M3;Нет;
539;Мебель и объекты;Мебель;Раковина;bathroom sink;low poly bathroom sink 3d model;Мебель / объект мира;статичная, коллайдер;500-2000;нет;20;M3;Нет;
540;Мебель и объекты;Мебель;Кухонная мойка;kitchen sink;low poly kitchen sink 3d model;Мебель / объект мира;статичная, коллайдер;500-2000;нет;20;M3;Нет;
541;Мебель и объекты;Мебель;Стиральная машина;washing machine;low poly washing machine 3d model;Мебель / объект мира;статичная, коллайдер;500-2000;нет;70;M3;Нет;
542;Мебель и объекты;Мебель;Сушильная машина;dryer;low poly dryer 3d model;Мебель / объект мира;статичная, коллайдер;500-2000;нет;60;M3;Нет;
543;Мебель и объекты;Мебель;Верстак;workbench;low poly workbench 3d model;Мебель / объект мира;статичная, коллайдер;500-2000;нет;50;M3;Нет;
544;Мебель и объекты;Мебель;Камин;fireplace;low poly fireplace 3d model;Мебель / объект мира;статичная, коллайдер;500-2000;нет;0;M3;Нет;
545;Мебель и объекты;Мебель;Печь-буржуйка;wood stove;low poly wood stove 3d model;Мебель / объект мира;статичная, коллайдер;500-2000;нет;80;M3;Нет;
546;Мебель и объекты;Мебель;Барбекю-гриль;bbq grill;low poly bbq grill 3d model;Мебель / объект мира;статичная, коллайдер;500-2000;нет;20;M3;Нет;
547;Мебель и объекты;Мебель;Садовый стол;patio table;low poly patio table 3d model;Мебель / объект мира;статичная, коллайдер;500-2000;нет;15;M3;Нет;
548;Мебель и объекты;Мебель;Скамейка;park bench;low poly park bench 3d model;Мебель / объект мира;статичная, коллайдер;500-2000;нет;30;M3;Нет;
549;Мебель и объекты;Мебель;Зеркало;mirror;low poly mirror 3d model;Мебель / объект мира;статичная, коллайдер;500-2000;нет;5;M3;Нет;
550;Мебель и объекты;Мебель;Ковёр;rug;low poly rug 3d model;Мебель / объект мира;статичная, коллайдер;500-2000;нет;5;M3;Нет;
551;Мебель и объекты;Мебель;Шторы;curtains;low poly curtains 3d model;Мебель / объект мира;статичная, коллайдер;500-2000;нет;2;M3;Нет;
552;Мебель и объекты;Мебель;Часы настенные;wall clock;low poly wall clock 3d model;Мебель / объект мира;статичная, коллайдер;500-2000;нет;1;M3;Нет;
553;Мебель и объекты;Мебель;Картина;wall painting;low poly wall painting 3d model;Мебель / объект мира;статичная, коллайдер;500-2000;нет;2;M3;Нет;
554;Мебель и объекты;Мебель;Растение в горшке;potted plant;low poly potted plant 3d model;Мебель / объект мира;статичная, коллайдер;500-2000;нет;5;M3;Нет;
555;Мебель и объекты;Мебель;Пианино;upright piano;low poly upright piano 3d model;Мебель / объект мира;статичная, коллайдер;500-2000;нет;200;M3;Нет;
556;Мебель и объекты;Мебель;Больничная койка;hospital bed;low poly hospital bed 3d model;Мебель / объект мира;статичная, коллайдер;500-2000;нет;80;M3;Нет;
557;Мебель и объекты;Мебель;Каталка;gurney;low poly gurney 3d model;Мебель / объект мира;статичная, коллайдер;500-2000;нет;40;M3;Нет;
558;Мебель и объекты;Мебель;Бочка;metal barrel;low poly metal barrel 3d model;Мебель / объект мира;статичная, коллайдер;500-2000;нет;20;M3;Нет;
559;Мебель и объекты;Мебель;Бочка для дождевой воды;rain collector barrel;low poly rain collector barrel 3d model;Мебель / объект мира;статичная, коллайдер;500-2000;нет;20;M3;Нет;крафт
560;Мебель и объекты;Мебель;Генератор;portable generator;low poly portable generator 3d model;Мебель / объект мира;статичная, коллайдер;500-2000;нет;40;M3;Нет;можно переносить
561;Здания и постройки;Модульный кит;Стена (кирпич);modular brick wall;low poly modular brick wall 3d model;Модуль здания / постройка;статичная, сетка 1 м;100-1000;нет;0;M1;Нет;
562;Здания и постройки;Модульный кит;Стена (сайдинг);modular wooden siding wall;low poly modular wooden siding wall 3d model;Модуль здания / постройка;статичная, сетка 1 м;100-1000;нет;0;M1;Нет;
563;Здания и постройки;Модульный кит;Стена внутренняя;modular interior wall;low poly modular interior wall 3d model;Модуль здания / постройка;статичная, сетка 1 м;100-1000;нет;0;M1;Нет;
564;Здания и постройки;Модульный кит;Стена с окном;modular wall with window;low poly modular wall with window 3d model;Модуль здания / постройка;статичная, сетка 1 м;100-1000;нет;0;M1;Нет;
565;Здания и постройки;Модульный кит;Стена с дверным проёмом;modular wall with doorway;low poly modular wall with doorway 3d model;Модуль здания / постройка;статичная, сетка 1 м;100-1000;нет;0;M1;Нет;
566;Здания и постройки;Модульный кит;Угол стены;modular wall corner;low poly modular wall corner 3d model;Модуль здания / постройка;статичная, сетка 1 м;100-1000;нет;0;M1;Нет;
567;Здания и постройки;Модульный кит;Пол (дерево);modular wooden floor tile;low poly modular wooden floor tile 3d model;Модуль здания / постройка;статичная, сетка 1 м;100-1000;нет;0;M1;Нет;
568;Здания и постройки;Модульный кит;Пол (плитка);modular tile floor;low poly modular tile floor 3d model;Модуль здания / постройка;статичная, сетка 1 м;100-1000;нет;0;M1;Нет;
569;Здания и постройки;Модульный кит;Крыша (скат);modular roof;low poly modular roof 3d model;Модуль здания / постройка;статичная, сетка 1 м;100-1000;нет;0;M1;Нет;
570;Здания и постройки;Модульный кит;Лестница внутренняя;modular stairs;low poly modular stairs 3d model;Модуль здания / постройка;статичная, сетка 1 м;100-1000;нет;0;M1;Нет;
571;Здания и постройки;Модульный кит;Дверь межкомнатная;interior door;low poly interior door 3d model;Модуль здания / постройка;статичная, сетка 1 м;100-1000;нет;0;M1;Нет;
572;Здания и постройки;Модульный кит;Дверь входная;front door;low poly front door 3d model;Модуль здания / постройка;статичная, сетка 1 м;100-1000;нет;0;M1;Нет;
573;Здания и постройки;Модульный кит;Дверь гаражная;garage door;low poly garage door 3d model;Модуль здания / постройка;статичная, сетка 1 м;100-1000;нет;0;M1;Нет;
574;Здания и постройки;Модульный кит;Окно;window with glass;low poly window with glass 3d model;Модуль здания / постройка;статичная, сетка 1 м;100-1000;нет;0;M1;Нет;
575;Здания и постройки;Модульный кит;Окно разбитое;broken window;low poly broken window 3d model;Модуль здания / постройка;статичная, сетка 1 м;100-1000;нет;0;M1;Нет;вариант
576;Здания и постройки;Модульный кит;Забор деревянный;wooden fence;low poly wooden fence 3d model;Модуль здания / постройка;статичная, сетка 1 м;100-1000;нет;0;M1;Нет;
577;Здания и постройки;Модульный кит;Забор сетка;chain link fence;low poly chain link fence 3d model;Модуль здания / постройка;статичная, сетка 1 м;100-1000;нет;0;M1;Нет;
578;Здания и постройки;Модульный кит;Ворота;fence gate;low poly fence gate 3d model;Модуль здания / постройка;статичная, сетка 1 м;100-1000;нет;0;M1;Нет;
579;Здания и постройки;Постройки игрока;Деревянная стена (рама);wooden wall frame;low poly wooden wall frame 3d model;Модуль здания / постройка;статичная, сетка 1 м;100-1000;нет;0;M6;Нет;
580;Здания и постройки;Постройки игрока;Деревянная стена ур.1-3;wooden plank wall;low poly wooden plank wall 3d model;Модуль здания / постройка;статичная, сетка 1 м;100-1000;нет;0;M6;Нет;3 варианта
581;Здания и постройки;Постройки игрока;Деревянная дверь самодельная;makeshift wooden door;low poly makeshift wooden door 3d model;Модуль здания / постройка;статичная, сетка 1 м;100-1000;нет;0;M6;Нет;
582;Здания и постройки;Постройки игрока;Деревянный пол;wooden floor platform;low poly wooden floor platform 3d model;Модуль здания / постройка;статичная, сетка 1 м;100-1000;нет;0;M6;Нет;
583;Здания и постройки;Постройки игрока;Деревянная лестница;wooden stairs;low poly wooden stairs 3d model;Модуль здания / постройка;статичная, сетка 1 м;100-1000;нет;0;M6;Нет;
584;Здания и постройки;Постройки игрока;Ящик-хранилище самодельный;wooden storage crate;low poly wooden storage crate 3d model;Модуль здания / постройка;статичная, сетка 1 м;100-1000;нет;0;M6;Нет;
585;Здания и постройки;Постройки игрока;Баррикада на окно (доски);boarded window planks;low poly boarded window planks 3d model;Модуль здания / постройка;статичная, сетка 1 м;100-1000;нет;0;M6;Нет;4 стадии
586;Здания и постройки;Постройки игрока;Баррикада металлом;metal sheet barricade;low poly metal sheet barricade 3d model;Модуль здания / постройка;статичная, сетка 1 м;100-1000;нет;0;M6;Нет;
587;Здания и постройки;Постройки игрока;Костёр;campfire;low poly campfire 3d model;Модуль здания / постройка;статичная, сетка 1 м;100-1000;нет;0;M6;Нет;
588;Здания и постройки;Постройки игрока;Грядка;garden plot dirt;low poly garden plot dirt 3d model;Модуль здания / постройка;статичная, сетка 1 м;100-1000;нет;0;M6;Нет;стадии роста растений
589;Здания и постройки;Постройки игрока;Металлическая стена;metal wall;low poly metal wall 3d model;Модуль здания / постройка;статичная, сетка 1 м;100-1000;нет;0;M6;Нет;
590;Здания и постройки;Постройки игрока;Мешки с песком (стена);sandbag wall;low poly sandbag wall 3d model;Модуль здания / постройка;статичная, сетка 1 м;100-1000;нет;0;M6;Нет;
591;Здания и постройки;Растения (стадии);Морковь (4 стадии);carrot plant growth stages;low poly carrot plant growth stages 3d model;Модуль здания / постройка;статичная, сетка 1 м;100-1000;нет;0;M7;Нет;
592;Здания и постройки;Растения (стадии);Картофель (4 стадии);potato plant;low poly potato plant 3d model;Модуль здания / постройка;статичная, сетка 1 м;100-1000;нет;0;M7;Нет;
593;Здания и постройки;Растения (стадии);Капуста (4 стадии);cabbage plant;low poly cabbage plant 3d model;Модуль здания / постройка;статичная, сетка 1 м;100-1000;нет;0;M7;Нет;
594;Здания и постройки;Растения (стадии);Томат (4 стадии);tomato plant;low poly tomato plant 3d model;Модуль здания / постройка;статичная, сетка 1 м;100-1000;нет;0;M7;Нет;
595;Здания и постройки;Растения (стадии);Клубника (4 стадии);strawberry plant;low poly strawberry plant 3d model;Модуль здания / постройка;статичная, сетка 1 м;100-1000;нет;0;M7;Нет;
596;Здания и постройки;Растения (стадии);Тыква (4 стадии);pumpkin plant;low poly pumpkin plant 3d model;Модуль здания / постройка;статичная, сетка 1 м;100-1000;нет;0;M7;Нет;
597;Здания и постройки;Растения (стадии);Кукуруза (4 стадии);corn plant;low poly corn plant 3d model;Модуль здания / постройка;статичная, сетка 1 м;100-1000;нет;0;M7;Нет;
598;Транспорт;Машины;Седан;90s sedan car;low poly 90s sedan car 3d model;Машина;колёса и двери отдельными частями;8000-15000;нет;1300;M8;Нет;
599;Транспорт;Машины;Хэтчбек;90s hatchback;low poly 90s hatchback 3d model;Машина;колёса и двери отдельными частями;8000-15000;нет;1100;M8;Нет;
600;Транспорт;Машины;Пикап;90s pickup truck;low poly 90s pickup truck 3d model;Машина;колёса и двери отдельными частями;8000-15000;нет;1800;M8;Нет;
601;Транспорт;Машины;Внедорожник;90s suv;low poly 90s suv 3d model;Машина;колёса и двери отдельными частями;8000-15000;нет;2000;M8;Нет;
602;Транспорт;Машины;Фургон;cargo van;low poly cargo van 3d model;Машина;колёса и двери отдельными частями;8000-15000;нет;2200;M8;Нет;
603;Транспорт;Машины;Полицейская машина;police car 90s;low poly police car 90s 3d model;Машина;колёса и двери отдельными частями;8000-15000;нет;1500;M8;Нет;
604;Транспорт;Машины;Скорая помощь;ambulance;low poly ambulance 3d model;Машина;колёса и двери отдельными частями;8000-15000;нет;3000;M8;Нет;
605;Транспорт;Машины;Спорткар;90s sports car;low poly 90s sports car 3d model;Машина;колёса и двери отдельными частями;8000-15000;нет;1300;M8;Нет;
606;Транспорт;Машины;Школьный автобус;school bus;low poly school bus 3d model;Машина;колёса и двери отдельными частями;8000-15000;нет;10000;M8;Нет;бэклог
607;Транспорт;Машины;Военный грузовик;military truck;low poly military truck 3d model;Машина;колёса и двери отдельными частями;8000-15000;нет;6000;M8;Нет;бэклог
608;Транспорт;Машины;Сгоревшая машина;burnt car wreck;low poly burnt car wreck 3d model;Машина;колёса и двери отдельными частями;8000-15000;нет;1000;M8;Нет;декор
609;Транспорт;Запчасти;Колесо;car wheel tire;low poly car wheel tire 3d model;Запчасть;статичная;300-800;да;15;M8;Нет;
610;Транспорт;Запчасти;Двигатель (блок);car engine;low poly car engine 3d model;Запчасть;статичная;300-800;да;150;M8;Нет;не переносится
611;Транспорт;Запчасти;Тормозные колодки;brake pads;low poly brake pads 3d model;Запчасть;статичная;300-800;да;1;M8;Нет;
612;Транспорт;Запчасти;Амортизатор;shock absorber;low poly shock absorber 3d model;Запчасть;статичная;300-800;да;3;M8;Нет;
613;Транспорт;Запчасти;Глушитель;car muffler;low poly car muffler 3d model;Запчасть;статичная;300-800;да;8;M8;Нет;
614;Транспорт;Запчасти;Лобовое стекло;car windshield;low poly car windshield 3d model;Запчасть;статичная;300-800;да;15;M8;Нет;
615;Транспорт;Запчасти;Автомобильная дверь;car door;low poly car door 3d model;Запчасть;статичная;300-800;да;25;M8;Нет;
616;Транспорт;Запчасти;Капот;car hood;low poly car hood 3d model;Запчасть;статичная;300-800;да;15;M8;Нет;
617;Транспорт;Запчасти;Автомобильное сиденье;car seat;low poly car seat 3d model;Запчасть;статичная;300-800;да;15;M8;Нет;
618;Транспорт;Запчасти;Бензобак;car gas tank;low poly car gas tank 3d model;Запчасть;статичная;300-800;да;10;M8;Нет;
619;Персонажи;Базовые модели;Тело мужское (модульное);male base mesh;low poly male base mesh 3d model;Одежда на персонаже;скиннинг на общий скелет;1000-3000;да;0;M1;Нет;голова, торс, руки L/R, ноги L/R отдельно
620;Персонажи;Базовые модели;Тело женское (модульное);female base mesh;low poly female base mesh 3d model;Одежда на персонаже;скиннинг на общий скелет;1000-3000;да;0;M1;Нет;
621;Персонажи;Базовые модели;Зомби мужчина;male zombie;low poly male zombie 3d model;Одежда на персонаже;скиннинг на общий скелет;1000-3000;да;0;M1;Нет;текстура гнили
622;Персонажи;Базовые модели;Зомби женщина;female zombie;low poly female zombie 3d model;Одежда на персонаже;скиннинг на общий скелет;1000-3000;да;0;M1;Нет;
623;Персонажи;Базовые модели;Причёски (5-10);hairstyle hair mesh;low poly hairstyle hair mesh 3d model;Одежда на персонаже;скиннинг на общий скелет;1000-3000;да;0;M1;Нет;
624;Персонажи;Базовые модели;Бороды (3-5);beard mesh;low poly beard mesh 3d model;Одежда на персонаже;скиннинг на общий скелет;1000-3000;да;0;M1;Нет;
625;Персонажи;Базовые модели;Культи конечностей;severed limb stump;low poly severed limb stump 3d model;Одежда на персонаже;скиннинг на общий скелет;1000-3000;да;0;M1;Нет;для расчленёнки
626;Персонажи;Базовые модели;Оторванные конечности;severed arm leg gore;low poly severed arm leg gore 3d model;Одежда на персонаже;скиннинг на общий скелет;1000-3000;да;0;M1;Нет;
627;Персонажи;Базовые модели;Мешок с трупом;body bag with corpse;low poly body bag with corpse 3d model;Одежда на персонаже;скиннинг на общий скелет;1000-3000;да;0;M1;Нет;
